able	9.0	nan
about	16.0	nan
absolutely	10.0	11.0
abuela	9.0	nan
abv	1.0	nan
acai	15.0	nan
acorn	15.0	nan
action	12.0	nan
active	16.0	nan
activities	16.0	nan
adam	8.0	6.0
added	16.0	nan
addicted	8.0	nan
adding	16.0	nan
additional	13.0	nan
additions	13.0	nan
adequate	14.0	nan
adult	14.0	nan
adventure	13.0	nan
adventures	13.0	nan
after	13.0	16.0
afternoon	7.0	nan
against	8.0	8.0
ahead	8.0	nan
ahi	8.0	nan
aioli	5.0	nan
air	12.0	10.0
aisy	9.0	nan
aka	8.0	nan
albondigas	9.0	nan
alcoholism	9.0	nan
ale	9.0	nan
all	10.0	16.0
alle	11.0	nan
allee	12.0	nan
alligee7	8.0	nan
allll	10.0	nan
allways	9.0	nan
ally	8.0	nan
alma	13.0	13.0
almond-butter	11.0	nan
almond-crusted	8.0	nan
almonds	13.0	nan
almost	10.0	nan
almosted	10.0	nan
alone	10.0	nan
along	9.0	nan
alpha	14.0	13.0
alphabet	12.0	nan
also	11.0	nan
alternative	13.0	nan
alternatives	13.0	nan
alu	11.0	nan
alumni	1.0	nan
alway	9.0	11.0
am-9	15.0	nan
amadeus	14.0	nan
amazing	14.0	16.0
amazingdianne	14.0	nan
amazingg	14.0	nan
amazingly	14.0	nan
amazinnnngg	14.0	nan
amber	12.0	nan
amc	8.0	8.0
american	12.0	nan
americans	12.0	nan
amical	15.0	nan
amid	11.0	nan
amie	12.0	nan
aminos	10.0	nan
amish	12.0	14.0
amityville	16.0	nan
amor	14.0	10.0
amore	14.0	10.0
amurphyrn	12.0	nan
amy	12.0	16.0
ana	6.0	nan
anabrucelee	9.0	nan
anacorina	15.0	nan
anaheim	8.0	nan
anas	6.0	nan
anchor	9.0	9.0
anchorage	9.0	nan
andiamo	9.0	nan
andrea	10.0	11.0
andrejp69	10.0	nan
andrewwinston	1.0	nan
angel	13.0	nan
angel-hair	13.0	nan
angeles	13.0	nan
angi	12.0	14.0
animated	9.0	nan
anime	9.0	nan
ann	12.0	7.0
annabelleroad	8.0	nan
announces	10.0	nan
announcing	14.0	nan
answer	10.0	nan
answered	10.0	nan
ant	6.0	nan
anthonycarron	12.0	nan
anthonyromayo	12.0	nan
anthonyyygg	12.0	nan
anthtomas	12.0	nan
antibes	13.0	nan
any	9.0	8.0
anything	8.0	nan
anytime	12.0	nan
apart	8.0	nan
apartamentos	8.0	nan
apartment	8.0	nan
apartments	8.0	nan
aperol	12.0	nan
apologies	10.0	nan
appartments	8.0	nan
appello	8.0	nan
appetite	12.0	nan
appetito	6.0	1.0
appetizer	11.0	nan
appetizing	11.0	nan
applaud	9.0	nan
apple	16.0	16.0
apple-berry	13.0	nan
apple-carrot	13.0	nan
apple-ginger	8.0	nan
applebee	10.0	10.0
apples	16.0	nan
applesauce	15.0	nan
applesawwce	15.0	nan
appletree	14.0	nan
aquavit	11.0	nan
arame	9.0	nan
arches	16.0	nan
area	5.0	nan
arepas	8.0	nan
argentina	9.0	nan
argentinean	1.0	nan
argento	12.0	nan
aria	13.0	12.0
ariafwright	7.0	nan
ariaisadora	13.0	nan
arizona	11.0	11.0
armies	6.0	nan
arms	12.0	nan
arnold	12.0	16.0
arnolds	12.0	nan
around	7.0	nan
arr	10.0	nan
arrabiata	11.0	nan
arrival	10.0	nan
arriving	13.0	nan
arrows	1.0	nan
arses	7.0	nan
art	9.0	11.0
artichoke	15.0	nan
arting	9.0	nan
artistic	15.0	nan
arubalaura	11.0	nan
arugala	11.0	nan
asada	12.0	nan
asan	14.0	nan
ash	4.0	nan
ashes	4.0	nan
ashland	14.0	nan
ashsheacock	9.0	nan
asian	14.0	nan
asked	8.0	nan
asks	8.0	nan
asma	8.0	nan
asombroso	13.0	nan
asparagus	16.0	nan
aspect	10.0	nan
ass	8.0	nan
asses	8.0	nan
assess	8.0	nan
assigned	15.0	nan
associated	14.0	14.0
assorted	10.0	nan
asylum	10.0	nan
atar	12.0	nan
athens	11.0	11.0
attacked	12.0	nan
attended	7.0	nan
attendees	15.0	nan
atti	12.0	nan
attic	13.0	nan
atx	9.0	nan
aubern	8.0	nan
aunt	14.0	16.0
austeeeezy	10.0	nan
australian	9.0	9.0
authentic	12.0	nan
authentically	12.0	nan
autumn	13.0	13.0
auuurite	10.0	nan
auvergne	8.0	nan
available	13.0	nan
aveces	12.0	nan
avena	13.0	nan
avenue	8.0	nan
avocado	14.0	nan
avocadoeey	14.0	nan
awaited	15.0	nan
award	10.0	9.0
awarded	10.0	nan
awarnes	15.0	nan
awesome	9.0	nan
awesomely	9.0	nan
awesomeness	9.0	nan
awfully	13.0	nan
awh	4.0	nan
ayers	11.0	nan
b.l.	8.0	nan
b.l.t.	8.0	nan
babecue	12.0	nan
babies	13.0	nan
babu	13.0	nan
baby	13.0	nan
back	16.0	16.0
bacon	6.0	nan
bad	6.0	nan
bagel	13.0	nan
baguette	12.0	nan
bake	14.0	nan
baked	15.0	nan
bakers	14.0	nan
baking	15.0	nan
balance	15.0	16.0
ball	11.0	nan
balloon	7.0	nan
balls	11.0	nan
balsamic	12.0	nan
banana	13.0	nan
bang	8.0	nan
bank	10.0	nan
bar	13.0	nan
bar-b-q	13.0	nan
barbeque	12.0	nan
barbie	9.0	nan
barley	16.0	nan
barn	12.0	11.0
barons	11.0	nan
barrel	11.0	nan
bars	10.0	nan
basically	14.0	nan
basmati	12.0	nan
basque	3.0	nan
bastardized	6.0	nan
bath	7.0	nan
batter	10.0	12.0
bbq	12.0	nan
bby	13.0	nan
beach	15.0	nan
bean	13.0	nan
beans	14.0	nan
bear	9.0	nan
beat	13.0	nan
beats	13.0	nan
beautiful	15.0	nan
beautifully	15.0	nan
beauty	15.0	nan
bed	9.0	nan
bee	12.0	nan
beef	4.0	nan
been	13.0	nan
beer	8.0	nan
beers	7.0	nan
beet	12.0	nan
beets	12.0	nan
begin	12.0	nan
beginning	12.0	nan
begins	12.0	nan
beijing	10.0	nan
being	16.0	nan
believe	13.0	nan
bell	12.0	7.0
bellagio	13.0	14.0
benedict	9.0	nan
benefits	11.0	nan
bento	14.0	16.0
berger	10.0	9.0
berkeley	12.0	13.0
berries	16.0	nan
berry	16.0	nan
beside	8.0	nan
best	15.0	nan
bet	12.0	nan
better	15.0	15.0
between	10.0	nan
beverly	10.0	nan
bfast	16.0	nan
bibb	6.0	nan
bible	12.0	nan
bien	15.0	nan
big	12.0	15.0
bigger	8.0	nan
biggest	14.0	nan
bill	10.0	9.0
bing	12.0	nan
bird	14.0	14.0
birthday	8.0	nan
biscotti	9.0	nan
biscuit	9.0	nan
biscuits	9.0	nan
bish	10.0	nan
bisque	12.0	nan
bites	13.0	nan
biting	13.0	nan
black	15.0	nan
blackberries	15.0	nan
blackberry	15.0	nan
blackened	10.0	nan
blast	14.0	nan
blazin	9.0	nan
blazing	10.0	nan
blessed	15.0	nan
bliss	12.0	nan
blogged	10.0	nan
blood	12.0	nan
blood-sugar	12.0	nan
bloody	12.0	nan
blt	11.0	nan
blue	11.0	nan
blueberries	16.0	nan
bluefish	10.0	nan
blues	11.0	nan
board	10.0	nan
boast	8.0	nan
bob	16.0	16.0
bobby	12.0	12.0
body	16.0	16.0
bok	14.0	nan
bold	13.0	nan
bologna	7.0	nan
bomb	9.0	nan
bombay	14.0	14.0
bon	16.0	nan
bonding	4.0	nan
boneless	13.0	nan
bonito	6.0	nan
bonus	15.0	nan
boom	9.0	nan
boost	15.0	16.0
booze	10.0	nan
boqueria	9.0	nan
bosses	11.0	nan
bottle	14.0	nan
bottles	14.0	nan
bottomless	7.0	nan
bourbon	10.0	14.0
bowl	13.0	nan
bowls	13.0	nan
box	11.0	nan
boy	12.0	nan
boys	12.0	nan
braids	10.0	nan
brain	14.0	14.0
bran	14.0	nan
brand	11.0	nan
brats	6.0	nan
brb	7.0	nan
bread	14.0	nan
breaded	11.0	nan
breads	12.0	nan
break	14.0	nan
breakfast	13.0	nan
breakfasts	14.0	nan
breaking	11.0	nan
breaktime	8.0	nan
breasts	13.0	nan
breath	8.0	8.0
breeze	14.0	nan
bretzel	7.0	nan
brew	10.0	nan
brewing	10.0	nan
bri	10.0	nan
brick	10.0	nan
brickell	6.0	nan
brie	10.0	nan
bright	10.0	10.0
brightening	14.0	nan
brioche	6.0	8.0
brisket	12.0	nan
brittle	9.0	nan
broadway	7.0	6.0
broccoli	14.0	nan
broiled	10.0	nan
broiler	7.0	nan
broken	9.0	nan
bronto	9.0	nan
brooke	10.0	nan
brooklyn	10.0	nan
bros	12.0	nan
broth	10.0	nan
brown	14.0	nan
brownie	10.0	nan
brownies	10.0	nan
browns	14.0	nan
brunch	8.0	nan
brunching	8.0	nan
bruschetta	14.0	nan
brussel	16.0	nan
bubblews	9.0	nan
bucks	8.0	nan
buddies	11.0	nan
buddy	11.0	15.0
buds	9.0	nan
buffalo	10.0	nan
buffs	7.0	nan
build	13.0	nan
building	13.0	nan
bullet	7.0	nan
bundt	8.0	nan
buns	12.0	nan
burger	11.0	1.0
burgers	12.0	nan
burner	11.0	nan
burnt	8.0	10.0
burritos	11.0	nan
business	8.0	nan
busters	10.0	nan
busy	8.0	nan
butt	5.0	nan
butter	13.0	nan
buttered	13.0	nan
buttermilk	12.0	nan
butternut	16.0	16.0
butterscotch	9.0	nan
butthole	14.0	nan
buys	8.0	nan
cabana	10.0	nan
cabbage	16.0	nan
cafe	14.0	nan
cajun	11.0	nan
cajun-style	13.0	nan
cake	11.0	nan
cakes	11.0	nan
calamari	8.0	nan
caldo	9.0	nan
caliente	10.0	nan
california	15.0	nan
call	10.0	nan
calle	10.0	nan
called	10.0	nan
calling	10.0	nan
calls	10.0	nan
calories	15.0	nan
calzone	10.0	nan
calzones	10.0	nan
camino	9.0	9.0
camping	12.0	nan
can	8.0	nan
canceled	8.0	nan
candlelight	15.0	nan
candy	9.0	nan
cane	9.0	nan
cannoli	8.0	nan
cant	12.0	nan
cantina	10.0	nan
cape	12.0	11.0
capicola	5.0	nan
caprese	10.0	nan
car	9.0	13.0
caramel	11.0	nan
caramelized	11.0	nan
carb	12.0	nan
carbonara	10.0	nan
carbs	15.0	14.0
card	6.0	nan
care	13.0	11.0
caribou	13.0	13.0
carl	13.0	13.0
carne	14.0	nan
carnival	10.0	nan
carrabba	10.0	10.0
carribean	10.0	nan
carried	10.0	nan
carrington	8.0	8.0
carrot	16.0	nan
carrots	13.0	nan
case	6.0	nan
casero	9.0	nan
cash	10.0	nan
casserole	13.0	15.0
castle	9.0	10.0
casual	12.0	nan
casually	12.0	nan
cat	8.0	10.0
catch	9.0	nan
catching	9.0	nan
categories	15.0	nan
catered	5.0	nan
catering	5.0	nan
catfish	8.0	nan
catfished	8.0	nan
cats	8.0	nan
cattle	10.0	nan
caught	9.0	nan
cauliflower	16.0	nan
cecconi	16.0	nan
celeb	14.0	nan
celebration	10.0	nan
celebrities	10.0	nan
celery	16.0	nan
cell	11.0	nan
cellar	8.0	nan
cena	14.0	nan
cenando	5.0	nan
cenita	10.0	nan
central	14.0	13.0
cereal	15.0	nan
cereals	15.0	nan
certificates	16.0	nan
certs	8.0	8.0
ceviche	4.0	nan
chai	13.0	nan
challenge	8.0	8.0
champagne	9.0	nan
champions	16.0	nan
champs	7.0	nan
chance	8.0	8.0
change	16.0	nan
changing	16.0	nan
chanterelles	14.0	nan
character	4.0	nan
charbroiled	9.0	nan
charles	8.0	9.0
charleston	8.0	8.0
check	9.0	nan
checking	9.0	nan
checkout	11.0	nan
cheering	14.0	nan
cheers	14.0	nan
cheese	7.0	nan
cheeseburger	11.0	nan
cheeseburgers	9.0	nan
cheesecake	8.0	nan
cheesesteak	9.0	nan
cheesiest	8.0	nan
cheesin	9.0	nan
cheesy	9.0	nan
cheetos	11.0	13.0
cheez	9.0	nan
cheez-its	10.0	nan
chef	10.0	12.0
cheri	7.0	nan
cherry	15.0	nan
chesapeake	10.0	10.0
chesse	10.0	nan
chestnut	14.0	nan
chewable	12.0	nan
chewing	10.0	nan
chex	16.0	16.0
chez	8.0	8.0
chicagos	13.0	nan
chicharron	4.0	6.0
chichi	14.0	nan
chick	15.0	15.0
chick-fil-a	14.0	14.0
chicken	14.0	nan
chicken-apple	7.0	nan
chickfila	14.0	nan
chickpea	14.0	13.0
chickpeas	14.0	nan
chicks	15.0	nan
chiefs	8.0	nan
chiken	8.0	nan
chilaquiles	12.0	nan
child	12.0	nan
chile	16.0	16.0
chilean	9.0	nan
chili	13.0	nan
chilis	13.0	nan
chill	12.0	nan
chilled	12.0	nan
chilli	12.0	nan
chillin	12.0	nan
chilly	11.0	nan
chimichangas	9.0	nan
chin	8.0	9.0
china	11.0	12.0
chinese	11.0	nan
chip	12.0	nan
chipotle	14.0	16.0
chipped	12.0	nan
chips	10.0	nan
chix	11.0	nan
chocolate	11.0	nan
chocolates	13.0	nan
choice	14.0	nan
choki	8.0	nan
cholesterol	12.0	nan
choose	12.0	nan
choosing	12.0	nan
chop	15.0	nan
chopped	15.0	nan
chops	15.0	nan
chow	11.0	nan
choy	16.0	nan
chrisboyd30	9.0	nan
christiemissy	9.0	nan
chugging	12.0	nan
chunk	11.0	nan
chunks	11.0	nan
church	14.0	14.0
churches	14.0	nan
chutney	12.0	nan
ciao	16.0	16.0
cibo	10.0	10.0
cider	12.0	nan
cinnamon	12.0	nan
citrus	15.0	16.0
city	15.0	nan
claire	7.0	nan
clam	13.0	nan
clamato	10.0	10.0
clams	13.0	nan
clark	10.0	12.0
classic	14.0	nan
classmate	10.0	nan
classy	9.0	9.0
clean	16.0	nan
cleaning	16.0	nan
cleanse	12.0	nan
clearvizion7	9.0	nan
clementine	13.0	nan
cleoanthony	12.0	nan
clever	16.0	nan
cliff	14.0	nan
clinic	9.0	nan
clock	14.0	nan
close	10.0	nan
closed	10.0	nan
clouds	8.0	nan
club	11.0	nan
coaches	10.0	nan
coast	15.0	16.0
coated	12.0	nan
cob	14.0	nan
cochina	11.0	nan
cochon	7.0	nan
cock	7.0	nan
cocktail	14.0	nan
cocktails	14.0	nan
coco	13.0	14.0
coconut	12.0	nan
cod	10.0	nan
code	12.0	nan
coffee	15.0	nan
coffeehouse	8.0	8.0
coffees	11.0	nan
coins	7.0	nan
coke	8.0	8.0
cold	16.0	nan
college	10.0	10.0
color	13.0	15.0
colored	13.0	nan
colorful	13.0	15.0
colors	13.0	nan
columbus	9.0	9.0
com	11.0	nan
combat	9.0	nan
combination	10.0	nan
combinations	10.0	nan
come	13.0	13.0
comfort	12.0	14.0
comfortable	12.0	nan
comforting	12.0	nan
coming	13.0	nan
commissary	9.0	nan
community	8.0	8.0
companion	9.0	9.0
company	8.0	nan
complements	14.0	nan
completely	14.0	nan
con	13.0	nan
concord	12.0	14.0
condiment	16.0	nan
confessions	10.0	nan
confused	9.0	nan
connections	4.0	nan
conscious	14.0	nan
consider	14.0	nan
consistency	15.0	nan
consistent	15.0	nan
consumers	16.0	nan
container	12.0	nan
continues	12.0	nan
control	16.0	nan
controversial	8.0	nan
convenience	12.0	nan
convenient	12.0	6.0
converse	8.0	nan
convince	12.0	nan
cook	11.0	nan
cookbook	12.0	nan
cooked	4.0	nan
cooker	13.0	nan
cookie	11.0	nan
cookies	9.0	nan
cookin	11.0	nan
cooking	8.0	nan
cooks	11.0	nan
coolest	11.0	nan
cooper	11.0	9.0
coping	11.0	nan
core	11.0	9.0
coriander	10.0	nan
corn	13.0	10.0
cornbread	11.0	nan
corndogs	7.0	nan
corned	14.0	nan
corner	11.0	11.0
cornichons	8.0	nan
cornish	7.0	nan
corny	8.0	nan
correct	10.0	nan
cosi	9.0	9.0
cosmo	9.0	nan
costa	10.0	7.0
costs	9.0	nan
costumer	16.0	nan
cotta	9.0	nan
cottage	13.0	nan
council	13.0	nan
count	12.0	nan
countries	13.0	nan
country	13.0	nan
counts	12.0	nan
cous	9.0	nan
couscous	12.0	nan
cousin	10.0	10.0
cove	10.0	nan
covered	8.0	nan
covers	8.0	nan
cow	14.0	nan
coworkers	13.0	nan
coyote	11.0	nan
coz	9.0	9.0
cozy	9.0	9.0
crab	13.0	nan
crabbing	13.0	nan
crack	13.0	nan
cracker	13.0	nan
crackerbarrel	12.0	nan
crackers	10.0	nan
crafting	8.0	nan
craftsman	8.0	nan
craisins	12.0	12.0
cranberries	15.0	nan
cranberry	15.0	nan
crap	14.0	nan
crappiest	9.0	nan
crave	10.0	nan
craving	10.0	nan
cravings	10.0	nan
cray	13.0	nan
crazy	10.0	12.0
cream	14.0	13.0
create	13.0	13.0
created	13.0	nan
creating	13.0	nan
creation	12.0	nan
creative	11.0	14.0
creatives	11.0	nan
creature	9.0	nan
creatures	9.0	nan
cred	16.0	nan
crema	9.0	7.0
creme	13.0	nan
creole	13.0	nan
crepes	10.0	nan
crescent	8.0	8.0
crime	13.0	nan
crimini	16.0	nan
crisp	13.0	nan
crispy	13.0	16.0
crna	14.0	nan
crock	12.0	15.0
croissant	9.0	nan
croissants	9.0	nan
crop	11.0	nan
croque	1.0	nan
crossed	10.0	nan
croutons	10.0	nan
crumbled	13.0	nan
crumbs	11.0	nan
crunch	14.0	nan
crunchy	11.0	nan
crush	16.0	nan
crushed	16.0	nan
crushin	16.0	nan
crusin	10.0	nan
crust	10.0	nan
crusted	10.0	nan
crusty	12.0	nan
cuban	11.0	nan
cubanasocial	9.0	nan
cubed	12.0	nan
cubes	12.0	nan
cue	11.0	nan
culinary	12.0	nan
cup	14.0	nan
cupcake	8.0	nan
cupcakes	9.0	nan
cups	14.0	nan
curd	12.0	nan
cure	14.0	nan
curious	11.0	nan
curl	9.0	nan
current	10.0	nan
currently	10.0	nan
curried	10.0	nan
curry	12.0	nan
custard	11.0	nan
customer	8.0	nan
customers	8.0	nan
cut	14.0	nan
cutie	9.0	12.0
cuties	9.0	16.0
cv63	14.0	nan
cyclone	9.0	8.0
daddy	9.0	9.0
daikon	15.0	nan
daily	16.0	nan
daisy	9.0	8.0
dallas	9.0	nan
dampa	16.0	nan
dan	12.0	14.0
dance	10.0	nan
dancers	13.0	nan
dandelion	11.0	nan
daniel	11.0	13.0
danielle	9.0	9.0
daphne	8.0	8.0
dari	12.0	12.0
darker	9.0	nan
dart	12.0	nan
dashi	7.0	nan
dat	9.0	9.0
date	16.0	nan
dates	16.0	nan
dave	13.0	14.0
david	11.0	11.0
davidson	10.0	8.0
davie	11.0	nan
davis	11.0	nan
dawgs	9.0	nan
dawn	6.0	6.0
day	14.0	nan
daybreak	10.0	nan
days	14.0	nan
dayum	14.0	nan
deal	6.0	nan
death	8.0	nan
deb	7.0	7.0
debating	13.0	nan
decadent	12.0	nan
deck	16.0	nan
decker	8.0	nan
decorations	7.0	nan
decorative	7.0	nan
deen	12.0	nan
deep	13.0	nan
defense	13.0	12.0
del	14.0	15.0
delay	13.0	nan
delectably	10.0	nan
delicia	8.0	10.0
delicious	13.0	nan
deliciously	13.0	nan
deliciousness	13.0	nan
delish	8.0	nan
deliver	10.0	nan
delivered	10.0	nan
delta	9.0	nan
dennis	15.0	nan
denny	15.0	15.0
dente	14.0	nan
denver	8.0	nan
depois	16.0	nan
desert	15.0	16.0
design	15.0	16.0
desire	8.0	nan
despise	8.0	nan
dessert	11.0	nan
destination	8.0	nan
devil	10.0	nan
dgn	11.0	nan
dharma	14.0	nan
dhh	16.0	nan
diabetes	12.0	nan
diary	7.0	nan
diced	14.0	nan
dickinson	9.0	9.0
diet	13.0	nan
dieting	11.0	nan
dijon	11.0	nan
dill	10.0	nan
dim	8.0	nan
dined	10.0	nan
diner	13.0	nan
dinner	10.0	nan
dinners	13.0	nan
dinnerware	11.0	nan
dinnr	10.0	nan
dinosaur	12.0	16.0
dip	10.0	nan
directions	11.0	nan
disco	8.0	nan
discovered	7.0	nan
dish	10.0	nan
dishes	11.0	nan
dishing	11.0	nan
distracted	9.0	nan
district	9.0	nan
ditalini	12.0	nan
diva	8.0	8.0
djing	7.0	nan
do-nuts	1.0	nan
doctors	13.0	nan
dodger	6.0	nan
doe	1.0	nan
does	1.0	nan
doesn	1.0	nan
dog	11.0	nan
dogfather	7.0	nan
dogs	11.0	nan
doing	11.0	nan
dolce	8.0	nan
dollar	9.0	8.0
dome	6.0	nan
domed	6.0	nan
dominated	7.0	nan
don	11.0	11.0
donation	12.0	nan
done	9.0	nan
dont	14.0	nan
donut	7.0	nan
doo	11.0	nan
door	9.0	9.0
doors	9.0	nan
dosa	9.0	nan
dot	13.0	nan
doubts	13.0	nan
dough	12.0	nan
doughnuts	8.0	nan
dougnuts	8.0	nan
dove	9.0	10.0
down	11.0	nan
dozens	11.0	nan
dragon	10.0	nan
drained	12.0	nan
dranks	7.0	nan
drawn	1.0	nan
dream	15.0	nan
dreaming	15.0	nan
dreams	15.0	nan
dressed	13.0	nan
dressing	15.0	nan
drew	9.0	9.0
drink	14.0	nan
drinking	11.0	nan
drive	13.0	nan
drivers	12.0	nan
drives	13.0	nan
driving	13.0	nan
drizzled	10.0	nan
drooling	12.0	nan
drop	9.0	nan
dry	13.0	nan
dublin	6.0	nan
dude	8.0	nan
dudes	8.0	nan
dukes	8.0	nan
dumplings	12.0	nan
dungeness	7.0	nan
dunkin	15.0	15.0
duude	8.0	nan
dylan	13.0	13.0
dynamic	14.0	16.0
each	9.0	nan
ear	11.0	nan
early	14.0	nan
earth	12.0	8.0
ease	11.0	nan
east	12.0	12.0
eastern	10.0	nan
easy	12.0	nan
eat	13.0	11.0
eateries	8.0	nan
eaters	4.0	nan
eating	13.0	nan
eats	13.0	nan
eatting	13.0	nan
ebony	9.0	nan
edamame	14.0	16.0
educational	15.0	nan
educators	15.0	nan
egg	12.0	13.0
eggs	14.0	nan
elk	5.0	nan
emerge	14.0	nan
emotional	7.0	nan
enchanted	8.0	nan
enchilada	13.0	nan
enchiladas	13.0	nan
end	11.0	nan
ending	11.0	nan
endive	14.0	nan
ends	11.0	nan
enduro	10.0	10.0
energy	16.0	nan
england	12.0	nan
enjoy	15.0	16.0
enjoyable	15.0	nan
enjoyed	15.0	nan
enjoying	15.0	nan
enoki	14.0	nan
enough	16.0	nan
enter	8.0	nan
entered	8.0	nan
entertainment	9.0	nan
entire	15.0	nan
entirely	15.0	nan
entree	13.0	nan
entrees	14.0	nan
epic	4.0	8.0
equal	11.0	13.0
especial	9.0	nan
especially	9.0	nan
eto	15.0	nan
eureka	14.0	14.0
europa	9.0	9.0
eva	7.0	nan
evaa	7.0	nan
evah	7.0	nan
even	14.0	nan
evening	14.0	nan
ever	13.0	14.0
every	9.0	nan
everybody	11.0	11.0
everyday	12.0	nan
everyone	13.0	14.0
excelente	11.0	nan
excellence	11.0	nan
excellent	11.0	9.0
excelsior	9.0	9.0
exceptionally	8.0	nan
excluding	9.0	nan
exec	10.0	nan
exemplar	13.0	nan
exhausted	7.0	nan
exist	12.0	nan
exp	12.0	nan
expanded	13.0	nan
expansion	11.0	nan
expensive	11.0	nan
experience	10.0	nan
experienced	10.0	nan
experiences	10.0	nan
experiment	10.0	nan
experimenting	10.0	nan
explore	14.0	15.0
expo	12.0	nan
export	8.0	nan
express	12.0	nan
extr	12.0	nan
extremely	15.0	nan
eye	15.0	nan
eyes	15.0	nan
ezekial	13.0	nan
ezekiel	15.0	14.0
f.s.	14.0	nan
fabulous	8.0	8.0
faced	9.0	nan
faces	9.0	nan
facetime	6.0	nan
fact	7.0	nan
factory	12.0	nan
faded	9.0	nan
fagioli	14.0	nan
faidley	11.0	nan
fair	11.0	nan
fairfield	11.0	11.0
fajitas	12.0	nan
falafel	13.0	nan
fall	11.0	12.0
falling	11.0	nan
fambam	11.0	nan
familiaaa	14.0	nan
familiar	9.0	nan
family	13.0	nan
famous	10.0	nan
fan	7.0	nan
fancy	11.0	nan
fancyyyyy	11.0	nan
fantastic	16.0	16.0
far	9.0	8.0
fare	14.0	nan
farek	14.0	nan
farewell	9.0	nan
fargo	11.0	nan
farina	13.0	12.0
farm	13.0	nan
farmer	11.0	nan
farmers	11.0	nan
farmhouse	12.0	nan
farms	13.0	nan
farmshop	13.0	nan
farts	13.0	nan
fashionably	13.0	nan
fast	10.0	nan
fasted	10.0	nan
fat	15.0	nan
fatboy	6.0	nan
fathers	9.0	nan
fave	8.0	nan
favorita	11.0	nan
favorite	13.0	nan
favorites	13.0	nan
favoritest	13.0	nan
fazzari47	8.0	nan
fcob	14.0	nan
feast	10.0	nan
feature	7.0	nan
featuring	7.0	nan
fed	10.0	nan
federal	13.0	nan
feed	12.0	16.0
feeding	12.0	nan
feel	16.0	nan
feel-good	16.0	nan
feeling	16.0	nan
feels	16.0	nan
felix	11.0	10.0
fella	16.0	nan
fennel	12.0	nan
feriado	14.0	nan
ferraro	13.0	nan
ferrum61	13.0	nan
fest	8.0	nan
feta	11.0	nan
fettuccine	12.0	nan
fewer	6.0	nan
ffrw	11.0	nan
fiber	13.0	16.0
fideo	10.0	nan
fideos	10.0	nan
field	14.0	15.0
fieldandfire	10.0	nan
fields	14.0	nan
fiending	10.0	nan
fiery	11.0	nan
fiestada	14.0	nan
fig	14.0	nan
figgs	13.0	nan
figuratively	13.0	nan
figure	13.0	7.0
figured	13.0	nan
figures	13.0	nan
filet	9.0	nan
filets	10.0	nan
filipino	1.0	nan
filled	13.0	nan
filling	13.0	nan
films	14.0	nan
filo	8.0	nan
filtered	12.0	nan
finas	7.0	nan
find	10.0	15.0
finding	10.0	15.0
findings	10.0	nan
fine	12.0	nan
fines	12.0	nan
fingers	10.0	nan
fingys	10.0	nan
finish	10.0	nan
fiore	5.0	nan
fiori	12.0	nan
fireball	8.0	nan
firehouse	12.0	11.0
fires	14.0	nan
first	15.0	14.0
first-class	7.0	nan
fish	10.0	nan
fishbonz	16.0	nan
fishdish	11.0	nan
fishers	11.0	nan
fishies	8.0	nan
fishin	7.0	7.0
fit	12.0	nan
fitness	12.0	nan
fits	12.0	nan
fitted	12.0	nan
fives	14.0	nan
fix	13.0	nan
fixe	13.0	nan
fixes	13.0	nan
fixings	13.0	nan
flakes	14.0	nan
flamin	10.0	nan
flamingo	8.0	8.0
flashing	11.0	nan
flat	13.0	14.0
flatbread	12.0	nan
flatbreads	11.0	nan
flatscreen	12.0	nan
flautas	8.0	nan
flavore	14.0	nan
flavored	14.0	nan
flavors	14.0	nan
flax	15.0	15.0
flaxseeds	15.0	nan
fleetwood	9.0	nan
flem	9.0	nan
fliers	10.0	nan
flies	10.0	nan
flight	9.0	nan
flights	14.0	nan
flipped	11.0	nan
flippin	11.0	nan
flogging	10.0	nan
floor	14.0	nan
florets	15.0	nan
floss	10.0	nan
flour	14.0	nan
flow	16.0	nan
flowers	12.0	nan
fluffy	11.0	nan
flushing	10.0	nan
flying	10.0	9.0
focused	16.0	nan
focusing	16.0	nan
fod	9.0	nan
fog	7.0	nan
fogo	12.0	nan
foie-gras	9.0	nan
foil	8.0	nan
fold	8.0	nan
folks	8.0	nan
followed	14.0	nan
followers	14.0	nan
following	14.0	nan
fondue	8.0	nan
fontina	8.0	nan
foo	12.0	nan
food	9.0	nan
foods	10.0	nan
foodtruck	10.0	nan
football	8.0	nan
footlong	8.0	nan
footwear	8.0	nan
foraged	14.0	nan
forced	10.0	nan
forces	10.0	nan
foreeevveerrrr	10.0	nan
forefront	11.0	nan
forever	10.0	12.0
foreverrrrr	10.0	nan
fork	13.0	nan
forks	13.0	nan
former	16.0	nan
formerly	16.0	nan
forms	14.0	nan
formula	16.0	nan
forno	9.0	10.0
forward	10.0	nan
fountain	9.0	10.0
four	14.0	nan
foursquare	8.0	nan
francis	14.0	14.0
frapps	11.0	nan
freak	10.0	nan
freaken	9.0	nan
freaking	10.0	nan
free	16.0	nan
freebirds	10.0	10.0
freeburg	10.0	nan
freeman	14.0	nan
french	13.0	nan
frenchbaker	12.0	nan
fresco	11.0	nan
fresh	9.0	nan
fresh52	16.0	nan
fri	11.0	nan
friday	10.0	nan
fridge	12.0	nan
fried	12.0	nan
friedman	12.0	nan
friend	11.0	nan
friendly	11.0	nan
friendlys	11.0	nan
friends	11.0	nan
fries	13.0	nan
friggin	14.0	nan
frightening	14.0	nan
frinds	11.0	nan
frisco	4.0	nan
frise	10.0	nan
fritalian	15.0	nan
frittata	12.0	nan
fritters	10.0	nan
frjtz	16.0	nan
fro	8.0	nan
frog	8.0	10.0
from	13.0	nan
frozen	12.0	nan
fruit	14.0	nan
fruits	15.0	nan
fue	15.0	nan
fuel	15.0	nan
fueled	15.0	nan
fulfilled	16.0	nan
full	16.0	nan
fuller	9.0	nan
fully-prepared	16.0	nan
fumc	10.0	nan
fun	13.0	16.0
fun-sized	9.0	nan
fundraising	8.0	nan
funfetti	8.0	nan
funnel	8.0	nan
funniest	11.0	nan
funny	8.0	nan
fuq	13.0	nan
fuse	13.0	nan
fusilli	14.0	nan
future	14.0	16.0
fuzzy	10.0	nan
fwd	10.0	nan
fyi	11.0	nan
gabi	6.0	6.0
gabolacomision	15.0	nan
gaims	12.0	nan
gal	7.0	nan
galaxy	14.0	14.0
galette	12.0	nan
gallegos	9.0	nan
game	8.0	nan
gameday	9.0	9.0
gamers	12.0	nan
garbage	13.0	16.0
garbanzos	14.0	nan
garden	16.0	nan
gardenlites	16.0	nan
garlic	13.0	nan
garlic-butter	11.0	nan
garnish	7.0	nan
gary	9.0	8.0
gastonio1979	12.0	nan
gateau	1.0	nan
gates	9.0	12.0
gator	8.0	nan
gatorade	11.0	14.0
gatos	8.0	nan
gatur	15.0	nan
gaucha	7.0	nan
gave	8.0	nan
gayle	13.0	13.0
gazette	12.0	nan
gdm	4.0	nan
ged	11.0	nan
gelato	9.0	nan
gelo	13.0	nan
gemelli	12.0	nan
gems	12.0	nan
gene	9.0	nan
generals	13.0	nan
generations	11.0	nan
generous	7.0	nan
genghis	9.0	9.0
genius	8.0	8.0
gennaro	12.0	nan
geno	3.0	1.0
genoa	3.0	1.0
genovese	8.0	nan
gent	10.0	10.0
gente	10.0	10.0
gentiles	14.0	nan
gents	10.0	nan
genuine	11.0	9.0
genwa	3.0	nan
geoduck	7.0	nan
georges	12.0	nan
germ	15.0	nan
german	10.0	9.0
germany	10.0	nan
gertrude	8.0	7.0
get	11.0	nan
gets	11.0	nan
getting	11.0	nan
gfs	13.0	13.0
ghostbar	8.0	nan
ghostly	8.0	nan
giant	12.0	nan
giants	12.0	nan
gibraltar	11.0	nan
gifts	11.0	nan
gig	8.0	nan
gigglefest	8.0	nan
gigi	9.0	9.0
giginow	1.0	nan
gigs	8.0	nan
gillen	16.0	nan
gina	10.0	10.0
ginas	10.0	nan
ginger	12.0	nan
ginger-lime	7.0	nan
gino	16.0	nan
giovanni	12.0	13.0
girasol	1.0	nan
girasole	1.0	nan
girl	14.0	11.0
girll	14.0	nan
girls	14.0	nan
giuseppe	12.0	nan
give	1.0	nan
giving	1.0	nan
gizzards	8.0	nan
glass	9.0	nan
glaze	11.0	nan
glazed	11.0	nan
gleaves	16.0	nan
glen	12.0	nan
glendora	11.0	nan
glimpse	15.0	nan
glorious	12.0	nan
glow	10.0	9.0
glows	10.0	nan
gluten	14.0	nan
glycemic	12.0	nan
gmo	12.0	nan
gmom	16.0	nan
goat	12.0	nan
godfather	7.0	8.0
godfathers	7.0	nan
gods	9.0	nan
godson	8.0	nan
going	16.0	nan
goji	16.0	nan
gold	15.0	14.0
golden	14.0	nan
goldenberries	16.0	nan
goldfish	11.0	7.0
goldy	6.0	7.0
golean	15.0	nan
golf	7.0	nan
golfing	7.0	nan
gone	12.0	nan
goob	15.0	nan
good	15.0	8.0
goodeats	16.0	nan
goodfellas	6.0	nan
goodlum	10.0	nan
goodmornin	14.0	nan
goodness	15.0	nan
goodtogrill	12.0	nan
goody	8.0	9.0
goofing	7.0	nan
goombahs	7.0	nan
goons	15.0	nan
goose	11.0	11.0
gordixaaaa	11.0	nan
gordon	11.0	11.0
gorduroso	9.0	nan
gorend	9.0	nan
gorging	12.0	nan
gostei	11.0	nan
got	8.0	8.0
gota	15.0	nan
gots	8.0	nan
gouda	8.0	nan
gourd	12.0	nan
gourmet	12.0	nan
govt	12.0	nan
gowanus	15.0	nan
gown	16.0	nan
gowns	11.0	nan
gr8t	12.0	nan
grabbing	10.0	nan
grace	13.0	13.0
gracee2370	13.0	nan
grader	16.0	nan
graders	12.0	nan
graduation	16.0	nan
graffiti	8.0	8.0
grahams	11.0	nan
grains	13.0	nan
gram	16.0	nan
grams	16.0	nan
granary	10.0	nan
grand	11.0	nan
grandpa	9.0	8.0
grands	11.0	nan
grandy	13.0	13.0
granna	14.0	nan
granny	14.0	13.0
granola	13.0	nan
grape	14.0	nan
grapefruit	16.0	nan
grass	12.0	nan
grass-fed	6.0	nan
grassa	12.0	nan
grasshoppers	9.0	nan
grateful	10.0	nan
gravy	8.0	nan
great	15.0	nan
greate	15.0	nan
greatful	15.0	nan
greatness	15.0	nan
greco	8.0	8.0
greek	13.0	nan
greeks	12.0	nan
greener	16.0	nan
greenville	12.0	nan
greenwise	12.0	12.0
greenwood	9.0	9.0
grew	9.0	nan
griddled	7.0	nan
grill	13.0	nan
grille	13.0	nan
grilled	12.0	nan
grillin	13.0	nan
grilling	13.0	nan
grills	13.0	nan
grind	14.0	nan
grinding	14.0	nan
grindle	6.0	nan
grip	9.0	nan
grit	12.0	nan
grits	12.0	nan
groats	13.0	nan
grocer	10.0	6.0
grocery	9.0	nan
groove	9.0	nan
grounds	15.0	nan
group	16.0	nan
groupon	16.0	nan
groves	13.0	nan
growth	10.0	nan
grp	8.0	nan
grub	12.0	nan
gta5	12.0	nan
guac	10.0	nan
guacamole	14.0	nan
guarantee	16.0	16.0
guaranteed	16.0	16.0
guava	15.0	nan
guavosa	15.0	nan
guayaba	10.0	nan
guerra	13.0	nan
guide	10.0	nan
gum	4.0	nan
gumbo	15.0	nan
guna	11.0	nan
guppy	12.0	nan
gurls	9.0	nan
guys	12.0	nan
gyoza	9.0	nan
gyros	6.0	nan
gyutan	14.0	nan
h.e.	8.0	16.0
haan	15.0	nan
habaneros	10.0	nan
habits	14.0	nan
hablamo	11.0	nan
hace	9.0	nan
hacele	8.0	nan
haciendo	9.0	nan
hacking	15.0	nan
hail	9.0	12.0
hair	13.0	nan
hairs	13.0	nan
haka	10.0	nan
hake	10.0	nan
hale	10.0	10.0
haleyfeight	16.0	nan
half	14.0	nan
hall	11.0	9.0
halles	10.0	nan
halp	14.0	nan
ham	12.0	nan
hamburg	10.0	nan
hamburger	6.0	nan
hamer	10.0	nan
hamptons	12.0	nan
hamstrings	12.0	nan
hand	12.0	nan
handcrafted	10.0	nan
handed	12.0	nan
handedly	12.0	nan
handful	12.0	nan
hands	12.0	nan
handsome	8.0	nan
handwich	10.0	nan
handwritten	10.0	nan
hang	10.0	nan
hanging	10.0	nan
hanover	14.0	14.0
hanson	16.0	nan
hanuhshigh	7.0	nan
happened	9.0	nan
happiness	16.0	nan
happy	16.0	16.0
harbor	12.0	nan
hard	12.0	12.0
hard-boiled	8.0	nan
hardcore	12.0	nan
hardware	12.0	nan
haricot	14.0	nan
haricots	14.0	nan
harley	13.0	13.0
harmed	15.0	nan
harmon	9.0	nan
harris	5.0	nan
hartford	13.0	13.0
harvest	15.0	nan
has	10.0	nan
hash	13.0	nan
hashbrowns	11.0	nan
hasn	13.0	nan
hatch	12.0	16.0
hati	12.0	nan
haunted	6.0	nan
haunter	13.0	nan
hav	10.0	nan
have	10.0	nan
haveing	10.0	nan
haven	10.0	nan
having	10.0	nan
haw	1.0	nan
hawaiian	12.0	nan
hawk	6.0	nan
haze	8.0	nan
hazelnut	12.0	nan
hazin	15.0	nan
head	12.0	nan
headed	12.0	nan
heading	12.0	nan
headless	10.0	nan
healeo	14.0	nan
health	14.0	nan
healthcare	9.0	nan
healthier	12.0	nan
healthwarrior	12.0	nan
healthy	13.0	nan
hear	9.0	nan
heard	13.0	nan
heart	13.0	nan
heart-healthy	16.0	nan
heart-shaped	7.0	nan
heartless	15.0	nan
hearty	14.0	nan
heat	11.0	nan
heats	11.0	nan
heatus	8.0	nan
heaven	11.0	12.0
heavy	13.0	nan
hector	16.0	nan
hedley	15.0	nan
heezy	7.0	nan
heinz	10.0	12.0
heirloom	12.0	nan
heisenberg	9.0	nan
helena	15.0	nan
hell	8.0	9.0
hellllo	8.0	nan
hello	8.0	8.0
helloooo	8.0	nan
help	8.0	nan
helped	8.0	nan
helpers	14.0	nan
helpful	8.0	nan
helpings	8.0	nan
hemp	14.0	nan
hempseeds	12.0	nan
hen	13.0	13.0
henri	8.0	8.0
her	13.0	nan
herbs	16.0	nan
here	8.0	nan
hereee	14.0	nan
herkese	14.0	nan
herman	8.0	8.0
hermanitas	8.0	nan
hero	10.0	12.0
hers	13.0	nan
hester	8.0	nan
hhn	12.0	nan
hi-c	10.0	9.0
hialeah	16.0	nan
hibachi	5.0	5.0
hidden	11.0	10.0
high	16.0	nan
higher	12.0	nan
highlander	9.0	7.0
highlands	9.0	nan
highly	16.0	nan
highs	16.0	nan
hill	12.0	9.0
hillcrest	8.0	7.0
hills	12.0	9.0
him	11.0	nan
hinckley	8.0	nan
hindsight	9.0	nan
hire	16.0	nan
his	12.0	14.0
hit	9.0	nan
hitting	9.0	nan
hiva	14.0	nan
hizo	12.0	nan
hockeycraig	7.0	nan
hodad	16.0	nan
hoje	15.0	nan
hold	3.0	nan
holder	9.0	nan
holding	3.0	nan
holds	3.0	nan
holiday	11.0	nan
hollandaise	7.0	nan
holliday	11.0	nan
hollywood	13.0	13.0
holy	11.0	11.0
home	15.0	nan
homecooked	12.0	nan
homegirl	8.0	nan
homemade	14.0	16.0
homestead	9.0	10.0
homewood	16.0	nan
hominy	14.0	nan
honest	10.0	11.0
honey	10.0	11.0
honey-lime	9.0	nan
honey-mustard	10.0	nan
honeycomb	10.0	nan
hongry	8.0	nan
honolulu	8.0	6.0
honoring	13.0	nan
hooked	12.0	nan
hookers	10.0	nan
hooks	12.0	13.0
hooloo	14.0	nan
hooneeey	8.0	nan
hoopy	5.0	nan
hoor	16.0	nan
hope	12.0	nan
hopefully	12.0	nan
hopes	12.0	nan
hops	7.0	nan
horchata	10.0	nan
horizon_organic	14.0	nan
hornblower	14.0	nan
horrifying	14.0	nan
host	8.0	nan
hosting	8.0	nan
hot	11.0	nan
hot-pot	7.0	nan
hotdog	11.0	nan
hots	11.0	nan
houlihan	7.0	7.0
hour	14.0	nan
hous	12.0	nan
house	12.0	nan
howard	10.0	10.0
howls	13.0	nan
hoyt	11.0	nan
http	9.0	nan
hubeeds	10.0	nan
huckcafe	12.0	nan
huddleston	8.0	nan
hudson	10.0	nan
huevos	11.0	nan
hukad	8.0	nan
hula	8.0	9.0
humans	16.0	nan
humble	9.0	10.0
humpday	10.0	nan
hundred	10.0	nan
hungarian	9.0	nan
hunger	10.0	nan
hungry	8.0	9.0
hungryyy	8.0	nan
hunters	13.0	nan
hunts	12.0	nan
hurricane	10.0	9.0
hush	9.0	nan
husks	11.0	nan
hyah	11.0	nan
hyang	7.0	nan
hyvee	16.0	nan
iam	1.0	nan
ican	8.0	nan
ice	11.0	nan
icecreams	8.0	nan
iced	11.0	nan
icing	11.0	nan
idea	8.0	nan
ideas	8.0	nan
idli	9.0	nan
ifn	12.0	nan
iggy	9.0	nan
igual	12.0	nan
iguana	12.0	nan
iguanas	12.0	nan
iii	12.0	nan
imaginable	16.0	nan
imitates	12.0	nan
immunity	15.0	nan
imperials	9.0	nan
implodes	9.0	nan
important	12.0	nan
imported	12.0	nan
improved	9.0	nan
improves	9.0	nan
improving	9.0	nan
inadequate	14.0	nan
inapickle	6.0	nan
inaugural	14.0	nan
inc	16.0	nan
inch	11.0	nan
inchers	11.0	nan
include	10.0	nan
included	10.0	nan
includes	10.0	nan
including	10.0	nan
inclusive	10.0	nan
inconsistent	15.0	nan
incorporate	15.0	nan
incredible	10.0	nan
ind	9.0	nan
inda	15.0	nan
indian	14.0	nan
indigenous	10.0	nan
indigo	8.0	nan
individual	11.0	nan
indo	8.0	8.0
indulding	10.0	nan
indulgence	10.0	nan
industry	9.0	nan
infections	10.0	nan
inferno	8.0	nan
influences	16.0	nan
info	11.0	nan
information	9.0	nan
informed	9.0	nan
infusion	12.0	nan
ingredient	14.0	nan
ingredients	14.0	nan
inhumane	16.0	nan
inka	9.0	9.0
inlet	16.0	nan
inn	12.0	nan
innn	12.0	nan
inside-out	7.0	nan
inspections	12.0	nan
inspiration	12.0	nan
inspirational	12.0	nan
inspirations	12.0	nan
inspired	12.0	nan
inspires	12.0	nan
inspiring	12.0	nan
instan	13.0	nan
institute	13.0	nan
institution	13.0	nan
instructor	12.0	nan
insurance	13.0	nan
intake	16.0	nan
integral	11.0	13.0
integrated	11.0	nan
intellectual	11.0	nan
intended	12.0	nan
intent	15.0	nan
intention	15.0	nan
intercontinental	10.0	nan
internal	15.0	nan
international	15.0	nan
interns	15.0	nan
intimate	11.0	nan
intip	14.0	nan
introduce	14.0	nan
introduced	12.0	nan
invitados	14.0	nan
invites	8.0	nan
inviting	15.0	nan
involve	1.0	nan
ionfeel	15.0	nan
ipad	11.0	nan
irish	11.0	nan
iron	10.0	nan
isaac	9.0	9.0
isabel	14.0	nan
ise	14.0	nan
isi	7.0	7.0
iss	16.0	16.0
isss	16.0	nan
italia	13.0	nan
italian-style	13.0	nan
italiana	10.0	nan
italians	13.0	nan
item	16.0	nan
items	16.0	nan
itis	14.0	nan
its	14.0	nan
itskaragrace	16.0	nan
itz	10.0	nan
iyi	12.0	nan
iyummy	11.0	nan
j1boria	10.0	nan
jabronie	7.0	nan
jack	10.0	9.0
jacks	10.0	nan
jackson	9.0	10.0
jacques	8.0	nan
jacy	10.0	nan
jade	11.0	16.0
jaipore	10.0	nan
jalapeno	14.0	nan
jalapenos	14.0	nan
jalepeno	10.0	nan
jalisco	10.0	nan
jaliscos	10.0	nan
jambalaya	12.0	nan
jamesmundia	9.0	nan
jamica	9.0	nan
jammin	10.0	12.0
jamming	11.0	nan
jamon	5.0	nan
jams	11.0	nan
janet	1.0	nan
japan	12.0	nan
japanese	15.0	nan
japs	10.0	nan
jar	13.0	nan
jasonubay	11.0	nan
jaya	11.0	nan
jayceonjn	16.0	nan
jaystickzors	8.0	nan
jazz	10.0	nan
jbf	10.0	nan
jbr	13.0	nan
jeans	9.0	nan
jeepney	7.0	nan
jelatina	9.0	nan
jell-o	14.0	16.0
jello	14.0	nan
jelly	9.0	nan
jensen	12.0	10.0
jerk	11.0	nan
jerrys	12.0	nan
jersey	10.0	12.0
jerseys	10.0	nan
jerusalem	12.0	12.0
jess	10.0	8.0
jessi	7.0	7.0
jessie	7.0	7.0
jesusthefirst	8.0	nan
jet	11.0	11.0
jets	11.0	13.0
jewels	15.0	nan
jewlsv25	13.0	nan
jigster	8.0	nan
jill	8.0	nan
jimison	7.0	nan
jimmy	10.0	10.0
jimzig13	10.0	nan
jinya	1.0	nan
jist	16.0	nan
jmedanielle06	9.0	nan
joeyb948	10.0	nan
johenke	11.0	nan
johnsonville	5.0	9.0
jon	7.0	7.0
jong	1.0	nan
jonnyozzy	8.0	nan
jonsing	12.0	nan
jordans	11.0	11.0
joroberto	13.0	nan
josephine	10.0	10.0
joshua	12.0	12.0
joss	15.0	nan
jour	13.0	nan
jowl	13.0	nan
joy	10.0	13.0
joyeux	10.0	nan
joylisaco	12.0	nan
joys	10.0	nan
jpmorgan	1.0	nan
jrs32jimmy	10.0	nan
jud	9.0	8.0
judaism	9.0	nan
judged	16.0	nan
judi	9.0	nan
judy	9.0	8.0
judybardis	9.0	nan
jugo	14.0	14.0
juice	13.0	nan
julian	10.0	10.0
juliemperez	14.0	nan
jumbos	12.0	nan
jumby	11.0	nan
jump-start	14.0	nan
junlbc	11.0	nan
jus	7.0	nan
just	16.0	16.0
justice	10.0	10.0
justin	9.0	9.0
juu	8.0	nan
juvia	7.0	nan
jvillesausage	10.0	nan
kabab	16.0	nan
kabob	10.0	nan
kabobs	10.0	nan
kabuto	8.0	8.0
kadiwa	12.0	nan
kaen	9.0	nan
kaga	11.0	nan
kahuna	11.0	nan
kake	8.0	nan
kala	11.0	nan
kale	13.0	nan
kama	11.0	nan
kampachi	8.0	nan
kan	7.0	7.0
kanela	6.0	nan
kangaroo	13.0	14.0
karaoke	7.0	nan
karl	6.0	6.0
karma	12.0	nan
karrelizabeth	9.0	nan
kashi	15.0	16.0
kata	8.0	nan
kathiroll	12.0	nan
kati	8.0	8.0
katsuya	7.0	nan
katt	8.0	nan
katy	8.0	nan
katz	1.0	1.0
kay	11.0	12.0
kayo	12.0	nan
kayser	13.0	nan
kbbeverly	10.0	nan
kbellich	16.0	nan
kdillon	15.0	nan
kece	12.0	nan
kee	12.0	nan
keen	9.0	nan
keep	9.0	nan
keeping	9.0	nan
keeps	9.0	nan
kefir	13.0	nan
kelloggs	15.0	nan
kena	9.0	nan
kendall	4.0	6.0
kendallrobert	4.0	nan
keno	15.0	nan
kenzolanterns	10.0	nan
keri	14.0	13.0
kerri	8.0	nan
kerrygold	8.0	8.0
kerrygoldusa	8.0	nan
ketchup	11.0	nan
kettle	11.0	nan
kev	6.0	nan
kevi	9.0	nan
key	14.0	nan
keynote	8.0	nan
keystone	8.0	8.0
kha	8.0	nan
kick	11.0	15.0
kickass	7.0	nan
kicked	11.0	nan
kickstarts	11.0	nan
kid	14.0	nan
kiddies	8.0	nan
kidney	14.0	nan
kids	14.0	nan
killa	9.0	nan
killer	12.0	nan
killlemmmm	12.0	nan
kilt	13.0	nan
kilts	13.0	nan
kind	14.0	15.0
kinda	1.0	nan
kinderen	11.0	nan
kindness	14.0	nan
kinds	14.0	nan
kinger	12.0	nan
kingleo8827	1.0	nan
kink	11.0	nan
kipper	8.0	nan
kiraku	10.0	nan
kissed	10.0	nan
kit	13.0	nan
kitchen	13.0	nan
kitchens	12.0	nan
kitkat	8.0	nan
kits	13.0	nan
kitties	8.0	nan
kiwi	16.0	nan
klub	11.0	nan
knees	7.0	nan
knight	6.0	12.0
knocked	11.0	nan
knot	9.0	nan
knots	9.0	nan
know	9.0	nan
knowing	9.0	nan
known	8.0	nan
knows	9.0	nan
kobeyaki	8.0	nan
kombucha	11.0	nan
kool-aid	11.0	12.0
kosher	9.0	nan
kramerbooks	11.0	nan
krystal	9.0	9.0
kung	12.0	nan
kunu	12.0	nan
l.a.	9.0	9.0
lab	15.0	nan
labor	15.0	nan
lace	11.0	nan
ladies	12.0	nan
lady	12.0	11.0
lamb	11.0	13.0
lamps	10.0	nan
landed	13.0	nan
landing	13.0	nan
landoflavish	10.0	nan
lane	10.0	nan
laredo	7.0	nan
large	13.0	nan
las	10.0	11.0
lassi	9.0	nan
last	12.0	11.0
last-minute	11.0	nan
late	13.0	14.0
lately	13.0	nan
latin	15.0	nan
latte	14.0	nan
lavender	8.0	nan
law	14.0	nan
laws	14.0	nan
laziness	7.0	nan
lazy	7.0	7.0
leafy	14.0	nan
lean	15.0	nan
leather	16.0	nan
leaving	16.0	nan
lee	14.0	nan
leek	14.0	nan
legs	12.0	nan
lemme	10.0	nan
lemon	15.0	nan
lemonade	11.0	nan
lentil	14.0	nan
lentils	14.0	nan
leonardos	10.0	nan
leondakeys	8.0	nan
let	14.0	14.0
lets	14.0	nan
leva	9.0	nan
level	11.0	nan
levi	9.0	9.0
lewis	16.0	16.0
leyland	8.0	nan
lhttp	9.0	nan
liars	13.0	nan
lic	9.0	12.0
lick	9.0	12.0
licked	9.0	nan
life	16.0	nan
lifetimes	10.0	nan
light	14.0	13.0
lighter	13.0	nan
lighthouse	7.0	nan
like	11.0	nan
likey	11.0	nan
liking	11.0	nan
lil	9.0	nan
lilli	11.0	9.0
lily	13.0	13.0
lime	14.0	nan
limited	13.0	nan
linda	15.0	14.0
lindo	7.0	nan
line	11.0	nan
lines	11.0	nan
link	11.0	nan
links	11.0	nan
list	8.0	nan
lite	15.0	15.0
literally	15.0	nan
little	15.0	nan
live	16.0	nan
liven	12.0	nan
lives	16.0	nan
living	16.0	15.0
livingfla	16.0	nan
llc	15.0	nan
loading	10.0	nan
loaf	12.0	nan
lobster	9.0	nan
lobsters	9.0	nan
location	8.0	nan
locations	8.0	nan
loco	12.0	nan
lodge	7.0	nan
loin	9.0	nan
lolly	9.0	nan
lone	8.0	4.0
loner	9.0	nan
long	15.0	nan
loo	14.0	nan
look	8.0	9.0
lookin	8.0	nan
looking	8.0	nan
looks	8.0	nan
looong	8.0	nan
loop	14.0	nan
lord	8.0	9.0
loss	16.0	nan
lost	10.0	11.0
lot	13.0	nan
lots	13.0	nan
lotus	15.0	13.0
louie	9.0	12.0
lounging	10.0	nan
love	13.0	13.0
loved	13.0	nan
loveliest	12.0	nan
lovely	13.0	nan
lover	10.0	nan
lovers	10.0	nan
loves	13.0	nan
loving	13.0	15.0
low	12.0	14.0
lower	13.0	nan
lox	7.0	nan
loxster	9.0	nan
lucile	16.0	nan
lucky	15.0	14.0
lucy	16.0	nan
lulu	9.0	8.0
lulualas	9.0	nan
luna	16.0	16.0
lunch	16.0	nan
lyfe	14.0	14.0
lynn	14.0	nan
mac	10.0	6.0
macaroni	12.0	nan
macero	14.0	nan
macs	10.0	nan
macy	6.0	nan
mad	10.0	10.0
madame	10.0	nan
made	14.0	nan
madeleine	6.0	nan
madly	10.0	nan
madness	10.0	nan
madras	10.0	nan
mae	8.0	8.0
maggie	10.0	8.0
magic	15.0	nan
magical	15.0	nan
magically	15.0	nan
mahi	10.0	nan
mail	7.0	nan
maison	8.0	nan
make	12.0	nan
maker	12.0	nan
makers	12.0	nan
makes	12.0	nan
makin	16.0	nan
making	12.0	nan
makings	12.0	nan
makino	12.0	nan
malbec	11.0	nan
mamas	12.0	nan
mambo	11.0	nan
man	13.0	13.0
manage	14.0	nan
manager	14.0	nan
mango	14.0	nan
mangos	14.0	nan
manhattan	11.0	7.0
manna	10.0	nan
manners	8.0	nan
manny	8.0	8.0
mansion	8.0	nan
many	12.0	nan
maple	13.0	12.0
marathoners	13.0	nan
margaritas	8.0	nan
mari	12.0	nan
maria	11.0	12.0
mariano	9.0	nan
marin	13.0	nan
marinara	15.0	nan
marinated	13.0	nan
mark	11.0	nan
marmalade	12.0	nan
marrliang	16.0	nan
marsala	10.0	nan
marshmallow	7.0	6.0
mart	9.0	nan
marys	12.0	nan
masala	13.0	nan
mash	12.0	nan
mashed	13.0	nan
masterpieces	11.0	nan
match	9.0	nan
matchmaker	10.0	nan
matters	7.0	nan
mattie	13.0	nan
matzo	13.0	nan
maude	15.0	nan
maui	10.0	10.0
max	13.0	nan
may	10.0	6.0
mayo	11.0	nan
maze	7.0	nan
mccormick	9.0	7.0
mcd	8.0	8.0
mcdonald	16.0	16.0
mcdonalds	15.0	nan
mchebes	10.0	nan
mcwrap	8.0	nan
meal	12.0	nan
meals	15.0	nan
mealtime	16.0	nan
mean	13.0	nan
means	13.0	nan
meant	11.0	nan
meat	9.0	nan
meatball	10.0	nan
meatballs	11.0	nan
meatloaf	11.0	nan
meaty	5.0	nan
med	16.0	nan
medal	14.0	nan
medical	14.0	nan
medicine	15.0	nan
medigo	9.0	nan
mediterranean	14.0	nan
medium	16.0	nan
mee	9.0	10.0
meet	4.0	nan
meets	4.0	nan
megapictures	11.0	nan
mel	13.0	nan
melt	10.0	nan
melted	10.0	nan
melting	10.0	nan
melty	6.0	nan
memory	15.0	nan
men	15.0	nan
menu	15.0	nan
menudo	10.0	nan
meringue	11.0	nan
merlot	10.0	nan
merrion	11.0	nan
mesquite	10.0	nan
mess	5.0	nan
message	9.0	nan
messy	8.0	nan
met	11.0	16.0
metabolic	14.0	nan
meter	9.0	nan
methinks	8.0	nan
method	13.0	nan
mezza	9.0	nan
mhmm	11.0	nan
mia	12.0	15.0
miami	9.0	nan
micallah	10.0	nan
mickeys	12.0	nan
microwave	11.0	nan
microwaved	11.0	nan
midget	7.0	10.0
midi	9.0	nan
midnight	9.0	nan
mignon	12.0	nan
miguel	15.0	nan
mija	12.0	nan
mijo	13.0	nan
mike	11.0	10.0
milano	12.0	11.0
mile	10.0	nan
miles	10.0	nan
milk	14.0	nan
milkshake	14.0	nan
mille	15.0	nan
million	1.0	nan
millionaire	7.0	nan
millions	1.0	nan
mills	15.0	nan
milton	13.0	13.0
mimi	12.0	11.0
mimosa	8.0	nan
mimosas	8.0	nan
min	8.0	nan
minced	10.0	nan
mind	11.0	nan
mine	12.0	nan
minestrone	15.0	nan
ming	10.0	nan
mini	13.0	nan
miniature	9.0	nan
minimum	8.0	nan
minis	13.0	nan
minna	12.0	nan
minnesota	11.0	nan
mints	8.0	nan
minute	16.0	16.0
minutes	16.0	nan
miracle	12.0	14.0
miso	13.0	10.0
miss	13.0	12.0
missed	13.0	nan
missing	13.0	nan
mission	16.0	15.0
missions	16.0	nan
mississippi	8.0	8.0
mister	8.0	9.0
mixed	13.0	nan
mixture	11.0	nan
mmm	11.0	nan
mochi	9.0	nan
mode	9.0	nan
modified	13.0	nan
moines	7.0	nan
mojodonuts24	8.0	nan
molasses	13.0	nan
mold	7.0	nan
molly	7.0	nan
molten	8.0	nan
mom	16.0	16.0
moments	7.0	nan
mommy	14.0	nan
moms	16.0	nan
mon	10.0	12.0
mona	8.0	7.0
money	14.0	nan
mongolian	12.0	nan
monkey	13.0	13.0
monks	11.0	13.0
mono	14.0	nan
monsieur	1.0	nan
monster	13.0	14.0
monterey	10.0	nan
montgoris	7.0	nan
moo	14.0	16.0
mood	9.0	nan
moon	15.0	nan
moore	11.0	8.0
morandinyc	11.0	nan
more	15.0	nan
mores	15.0	nan
morgan	1.0	nan
morimoto	7.0	nan
mornay	1.0	nan
morning	13.0	nan
mornings	13.0	nan
most	10.0	nan
mostly	10.0	nan
mothers	16.0	nan
mountain	9.0	nan
mountains	9.0	nan
mousse	10.0	nan
mouth	8.0	nan
mouthwatering	10.0	nan
move	7.0	nan
moved	7.0	nan
movies	12.0	nan
moving	7.0	nan
mozzarella	9.0	nan
mpls	13.0	nan
mrs	14.0	16.0
mtg	8.0	nan
much	16.0	nan
muenster	8.0	nan
muesli	14.0	nan
muffin	12.0	nan
muffins	15.0	nan
mug	8.0	8.0
mugs	8.0	nan
mule	8.0	nan
mulligatawny	9.0	nan
multiple	9.0	nan
munchin	11.0	nan
munching	12.0	nan
munchkin	11.0	nan
munchkins	11.0	nan
mundo	9.0	nan
murky	11.0	nan
murphy	12.0	nan
murray	10.0	10.0
muscle	16.0	16.0
mush	8.0	nan
mushroom	16.0	nan
mushrooms	16.0	nan
mushy	10.0	nan
music	12.0	nan
mussel	12.0	nan
must	8.0	nan
mustache	8.0	nan
mustard	8.0	nan
mystic	11.0	11.0
nachos	11.0	nan
nail	9.0	nan
nails	9.0	nan
names	14.0	nan
nap	13.0	nan
napa	15.0	nan
nashville	1.0	nan
nasi	10.0	nan
nate	14.0	14.0
nathan	12.0	11.0
nation	10.0	nan
national	10.0	nan
natural	14.0	nan
naturallyshare	15.0	nan
navy	15.0	nan
nbc	10.0	nan
ncounter	11.0	nan
near	14.0	14.0
nearest	14.0	nan
nearing	14.0	nan
nearly	14.0	nan
necklace	8.0	nan
nectar	14.0	nan
need	15.0	nan
needed	15.0	nan
needless	14.0	nan
needs	15.0	nan
nephew	11.0	nan
nest	11.0	nan
neuse	12.0	nan
neva	8.0	8.0
never	11.0	nan
new	13.0	nan
newk	9.0	9.0
newton	14.0	15.0
next	15.0	14.0
ngam	8.0	nan
nice	16.0	16.0
nicely	16.0	nan
nicer	16.0	nan
nicole	9.0	9.0
nig	12.0	nan
night	10.0	nan
nightly	10.0	nan
nigiri	9.0	nan
nikko	7.0	nan
nipples	11.0	nan
nitrate	10.0	nan
nobody	8.0	nan
nola	12.0	nan
nom	8.0	nan
non-fat	14.0	nan
nonfat	16.0	nan
nonno	6.0	nan
noodles	15.0	nan
noon	8.0	8.0
noone	8.0	nan
north	12.0	11.0
nos	14.0	15.0
nosh	8.0	nan
note	7.0	nan
nothin	8.0	nan
nothing	12.0	nan
nothings	12.0	nan
noticed	7.0	nan
noting	7.0	nan
nourish	16.0	nan
nourished	16.0	nan
nourishing	16.0	nan
nourishment	16.0	nan
nous	14.0	nan
nouveau	14.0	nan
nova	9.0	nan
novel	13.0	nan
now	14.0	13.0
nowadays	14.0	nan
nuggets	10.0	nan
numb	1.0	nan
nurses	16.0	nan
nursing	16.0	nan
nurturing	16.0	nan
nut	11.0	nan
nutrient	16.0	nan
nutrients	16.0	nan
nutritious	15.0	16.0
oasis	15.0	15.0
oat	12.0	nan
oatmeal	14.0	nan
oats	13.0	nan
obligatory	8.0	nan
obsessed	10.0	nan
obsession	10.0	nan
occasion	9.0	10.0
occurrence	10.0	nan
ocean	12.0	16.0
ocenside	7.0	nan
ocho	14.0	14.0
octbrunch13	14.0	nan
octopus	9.0	nan
off	14.0	nan
offer	10.0	nan
offering	10.0	nan
offers	10.0	nan
ohare	7.0	nan
oil	13.0	nan
oils	12.0	nan
oishi	6.0	6.0
oishii	6.0	nan
ojeras	10.0	nan
olas	12.0	nan
old	13.0	nan
old-fashioned	13.0	nan
olde	13.0	nan
older	16.0	nan
olds	13.0	nan
olina	8.0	nan
olive	9.0	nan
oliver	8.0	nan
oliverbo	8.0	nan
olives	10.0	nan
omega	15.0	nan
omega-3	14.0	nan
omelete	10.0	nan
omelette	13.0	nan
omfg	8.0	nan
omg	8.0	9.0
omlettes	7.0	nan
on-the-go	12.0	nan
one	14.0	nan
ones	14.0	nan
onion	16.0	nan
onions	16.0	nan
only	15.0	nan
ono	6.0	nan
oodles	7.0	nan
oola	8.0	nan
opad	11.0	nan
open	13.0	16.0
open-face	5.0	nan
open-faced	5.0	nan
opening	13.0	nan
openings	13.0	nan
operating	10.0	nan
optimal	13.0	nan
option	14.0	nan
oracle	8.0	nan
orange	16.0	nan
orangeside	6.0	nan
orchard	15.0	16.0
orchards	15.0	nan
order	6.0	nan
ordering	6.0	nan
orders	6.0	nan
orecchiette	11.0	nan
oregano	15.0	nan
oregon	14.0	15.0
oreo	10.0	12.0
organic	13.0	nan
original	14.0	nan
orzo	13.0	nan
osso	10.0	nan
otc	11.0	nan
other	15.0	nan
others	15.0	nan
otis	14.0	14.0
ounce	10.0	nan
our	10.0	16.0
ours	10.0	nan
out	13.0	nan
outage	10.0	nan
outdone	9.0	nan
outdoors	9.0	nan
outing	12.0	nan
outrageous	10.0	nan
outside	8.0	nan
oval	10.0	nan
oven	13.0	nan
oven-roasted	13.0	nan
over	14.0	15.0
overlooked	7.0	nan
overrated	7.0	nan
overs	14.0	nan
owe	7.0	nan
own	16.0	nan
oxtails	8.0	nan
oyster	13.0	nan
oysters	13.0	nan
p.f.	10.0	10.0
pablo	1.0	nan
pack	15.0	nan
package	16.0	nan
packed	15.0	nan
packet	10.0	nan
packets	10.0	nan
pad	11.0	nan
padano	5.0	nan
page	16.0	nan
pain	14.0	nan
pair	10.0	nan
paired	10.0	nan
pairing	10.0	nan
pairs	10.0	nan
pal	14.0	nan
paleo	10.0	nan
palm	15.0	1.0
palmas	15.0	nan
palmer	8.0	7.0
palms	15.0	nan
pam	12.0	12.0
pan	13.0	nan
pancakes	12.0	nan
pancetta	5.0	nan
pancit	6.0	nan
panda	10.0	10.0
panel	6.0	9.0
panera	16.0	16.0
panini	12.0	nan
panko	11.0	nan
papa	8.0	10.0
papers	10.0	nan
pappardelle	9.0	nan
para	9.0	nan
paradise	14.0	13.0
parent	10.0	nan
parentals	10.0	nan
parents	10.0	nan
parfait	15.0	nan
parfaits	14.0	nan
paris	9.0	nan
parm	10.0	nan
parma	9.0	9.0
parmesan	11.0	nan
parmesean	8.0	nan
parmigiana	11.0	nan
parmigiano	9.0	nan
parsley	10.0	nan
part	8.0	nan
partake	14.0	nan
partial	10.0	nan
particularly	10.0	nan
partners	11.0	10.0
partnership	11.0	nan
paso	15.0	nan
past	16.0	16.0
pasta	13.0	nan
pastel	8.0	nan
pastrami	11.0	nan
pastries	10.0	nan
pastry	10.0	nan
patch	15.0	nan
pate	9.0	nan
pates	9.0	nan
path	13.0	nan
pathfinder	9.0	nan
patio	9.0	9.0
patisserie	7.0	nan
patrick	5.0	1.0
patty	13.0	nan
pattysolis3	13.0	nan
pay	8.0	nan
paycheck	9.0	nan
payin	8.0	nan
pays	8.0	nan
pbj	12.0	nan
pea	14.0	nan
peach	16.0	nan
peaches	14.0	nan
peak	13.0	13.0
peaks	13.0	nan
peanut	11.0	nan
pear	15.0	nan
pearl	15.0	nan
pears	15.0	nan
peasant	9.0	nan
pebbles	15.0	15.0
pecan	9.0	nan
pecans	10.0	nan
pecorino	6.0	nan
pecos	7.0	7.0
peefect	11.0	nan
peek	8.0	8.0
peel	16.0	nan
peeled	16.0	nan
peeling	16.0	nan
peels	16.0	nan
peena	11.0	nan
penne	13.0	nan
people	10.0	8.0
pepe	12.0	10.0
pepper	15.0	nan
peppermint	8.0	nan
pepperoni	9.0	nan
peppers	16.0	nan
per	11.0	nan
perdu	9.0	10.0
perf	11.0	nan
perfect	11.0	nan
perfection	11.0	nan
perfectly	11.0	nan
performance	14.0	nan
perkins	9.0	9.0
perky	15.0	16.0
pero	13.0	13.0
perry	16.0	16.0
personalities	10.0	nan
personalized	10.0	nan
pesto	11.0	nan
petite	16.0	nan
pets	15.0	nan
petting	15.0	nan
pfchangs	16.0	nan
pfunky	10.0	nan
phase	8.0	nan
philadelphia	10.0	13.0
philly	10.0	nan
pho	8.0	nan
phoenix	9.0	9.0
phrase	8.0	nan
piano	7.0	nan
pic	8.0	9.0
pick	14.0	nan
pick-me-up	14.0	nan
picked	14.0	nan
pickled	11.0	nan
pickles	8.0	nan
pickup	13.0	nan
pico	13.0	nan
pics	8.0	nan
pictures	11.0	nan
pido	13.0	nan
pie	12.0	nan
piece	12.0	nan
pieology	11.0	nan
pierogies	11.0	nan
piers	8.0	nan
pies	11.0	nan
pig	9.0	nan
piggie	8.0	nan
piggies	8.0	nan
piggy	8.0	nan
pine	13.0	16.0
pink	13.0	nan
pinot	5.0	nan
pinshes	11.0	nan
pinto	14.0	nan
pints	14.0	nan
pit	15.0	nan
pita	14.0	nan
pitcher	6.0	nan
pixie	10.0	nan
pizza	10.0	10.0
pizzas	10.0	nan
pizzeria	11.0	nan
place	13.0	nan
places	13.0	nan
placing	13.0	nan
plain	13.0	nan
plan	16.0	nan
plank	8.0	nan
planned	16.0	nan
planning	16.0	nan
plans	16.0	nan
plantains	12.0	nan
plantation	11.0	12.0
plants	10.0	nan
plate	10.0	nan
plated	10.0	nan
plates	10.0	nan
platter	12.0	nan
platters	12.0	nan
play	8.0	nan
playful	8.0	nan
playin	8.0	nan
playing	8.0	nan
plaza	1.0	1.0
plea	14.0	nan
pleasant	7.0	7.0
please	10.0	nan
pleasert	13.0	nan
pleasure	11.0	nan
plentiful	8.0	8.0
plenty	8.0	nan
plex	14.0	nan
plots	13.0	nan
plotting	12.0	nan
plow	12.0	nan
pls	13.0	nan
plus	14.0	nan
poached	10.0	nan
poaching	10.0	nan
pockets	12.0	nan
poem	14.0	nan
poems	8.0	nan
poha	9.0	nan
point	4.0	nan
points	4.0	nan
poke	6.0	nan
polenta	14.0	nan
pollo	11.0	nan
pom	14.0	14.0
pomegranate	14.0	nan
pomodori	7.0	nan
pomodoro	14.0	15.0
poniente	15.0	nan
poor	8.0	9.0
pop	11.0	13.0
pop-up	13.0	nan
popcorn	12.0	nan
popover	9.0	nan
popper	8.0	nan
poppers	8.0	nan
pops	13.0	13.0
popsicle	12.0	12.0
poptart	14.0	nan
poptarts	14.0	nan
popular	8.0	nan
por	1.0	nan
porch	14.0	nan
pork	3.0	nan
porky	7.0	9.0
porridge	14.0	nan
portabella	15.0	nan
portable	9.0	nan
portillo	8.0	8.0
portillos	8.0	nan
portion	10.0	nan
portions	10.0	nan
portland	6.0	6.0
portmanteaus	8.0	nan
portobello	13.0	nan
portobellos	13.0	nan
portsmouth	6.0	nan
posole	11.0	nan
possible	6.0	nan
possibly	6.0	nan
post	16.0	16.0
posts	16.0	nan
pot	13.0	nan
potato	10.0	nan
potatoes	10.0	nan
potatos	12.0	nan
pots	13.0	nan
pouch	14.0	nan
pound	11.0	15.0
pounds	11.0	15.0
power	15.0	nan
pre	15.0	nan
pregame	10.0	nan
premier	13.0	15.0
prep	16.0	nan
prepare	11.0	nan
prepared	11.0	nan
preparing	11.0	nan
prepping	16.0	nan
presentable	7.0	nan
presented	7.0	nan
preserves	9.0	nan
press	11.0	11.0
pretzel	11.0	nan
pretzels	12.0	nan
previous	9.0	nan
price	9.0	10.0
pride	14.0	14.0
priest	9.0	nan
primo	12.0	14.0
primos	12.0	nan
princess	10.0	nan
princeton	14.0	nan
print	9.0	nan
prints	9.0	nan
private	11.0	16.0
prob	16.0	nan
proceeds	10.0	nan
prod	16.0	nan
product	7.0	15.0
products	7.0	nan
program	16.0	nan
programs	16.0	nan
progressive	14.0	14.0
progresso	16.0	16.0
project	11.0	7.0
projects	11.0	nan
promise	14.0	15.0
promote	9.0	nan
proofing	5.0	nan
proposed	14.0	nan
prosciutto	9.0	nan
proscuitto	9.0	nan
prosecco	1.0	nan
protein	12.0	nan
protein-packed	11.0	nan
protein-rich	15.0	nan
proteins	14.0	nan
protien	15.0	nan
proud	9.0	9.0
provisions	10.0	11.0
provolone	10.0	nan
psantini21	8.0	nan
pst	16.0	nan
pub	10.0	nan
pueblo	10.0	nan
puffin	11.0	nan
puffy	8.0	nan
pulling	16.0	nan
pump	13.0	nan
pumpernickel	13.0	nan
pumpkin	13.0	nan
punch	13.0	nan
pup	3.0	nan
puppies	9.0	nan
pupusas	10.0	nan
purchase	12.0	nan
purchases	12.0	nan
purchasing	12.0	nan
pure	15.0	nan
puree	15.0	nan
purple	15.0	nan
push	9.0	nan
pyramid	16.0	16.0
qdoba	14.0	14.0
quality	12.0	nan
quarters	12.0	nan
quattro	7.0	nan
que	13.0	nan
queen	12.0	nan
queens	12.0	nan
queijo	9.0	nan
quesadilla	11.0	nan
quesadillas	11.0	nan
queso	11.0	nan
quiche	9.0	nan
quick	12.0	nan
quinoa	15.0	15.0
quotidien	9.0	nan
rachel	12.0	12.0
rafflecopter	7.0	nan
rail	10.0	nan
rain	9.0	7.0
rainbow	14.0	nan
rainforest	10.0	7.0
raise	14.0	nan
raiser	14.0	nan
raisin	12.0	7.0
raisins	12.0	nan
rally	6.0	nan
ranchero	13.0	nan
rancheros	13.0	nan
rancho	11.0	10.0
ranchos	11.0	nan
random	11.0	nan
randomly	11.0	nan
rang	8.0	nan
raspberry	16.0	nan
rave	10.0	nan
ravioli	12.0	nan
raviolis	12.0	nan
raw	10.0	nan
razor	8.0	nan
rceastman	8.0	nan
read	8.0	12.0
reading	8.0	nan
ready	16.0	16.0
real	13.0	nan
really	9.0	9.0
realtors	13.0	nan
reason	13.0	nan
reasons	13.0	nan
recalled	10.0	nan
recharge	10.0	7.0
recipe	11.0	nan
recipes	11.0	nan
record	7.0	nan
recover	9.0	nan
recovery	14.0	nan
red	16.0	nan
redhawks	8.0	nan
redskins	11.0	nan
reeses	10.0	nan
refresher	13.0	nan
refueled	11.0	nan
regards	9.0	nan
regency	8.0	8.0
reggiano	7.0	nan
regram	16.0	nan
regular	13.0	nan
regularly	13.0	nan
regulars	13.0	nan
reindeer	7.0	nan
relaxation	10.0	nan
relaxing	10.0	nan
relish	10.0	nan
relleno	9.0	nan
rellenos	9.0	nan
remain	15.0	nan
remember	13.0	nan
remembering	13.0	nan
remoulade	6.0	nan
reopened	12.0	nan
repair	8.0	nan
repeating	14.0	nan
replace	16.0	nan
replaced	16.0	nan
replacement	16.0	nan
researchers	13.0	nan
reser	14.0	14.0
reservations	11.0	nan
residents	15.0	nan
resource	16.0	16.0
rest	14.0	nan
restaurant	12.0	nan
restaurants	13.0	nan
resting	14.0	nan
result	16.0	nan
results	16.0	nan
resume	12.0	nan
retailer	12.0	nan
retains	12.0	nan
returning	9.0	nan
retweet	10.0	nan
reunited	9.0	nan
reverse	7.0	nan
reviving	15.0	nan
reward	9.0	nan
rewarded	9.0	nan
rey	8.0	nan
reyes	8.0	nan
rhodes	11.0	12.0
ribbon	13.0	nan
ribeye	7.0	nan
rica	10.0	9.0
rice	11.0	nan
rich	12.0	nan
richard	8.0	6.0
richmond	6.0	6.0
rick	15.0	15.0
ricotta	10.0	nan
ride	8.0	nan
rides	8.0	nan
ridin	8.0	nan
right	13.0	nan
ring	11.0	nan
rio	12.0	12.0
ripping	10.0	nan
rite	15.0	15.0
river	12.0	12.0
riverfront	14.0	nan
rjtempleton	14.0	nan
road	12.0	nan
roast	14.0	nan
roasting	15.0	nan
rob	8.0	8.0
robin	9.0	nan
robinson	9.0	8.0
rock	10.0	13.0
rocket	11.0	nan
rockets	12.0	nan
rockfish	10.0	nan
rockin	9.0	nan
rocks	10.0	nan
rogers	11.0	16.0
roles	8.0	nan
roll	13.0	nan
rolls	14.0	nan
roma	15.0	nan
romaine	15.0	nan
roman	15.0	16.0
romano	12.0	nan
romanos	12.0	nan
ronald	16.0	nan
roni	9.0	nan
room	10.0	nan
roommate	8.0	nan
rooms	10.0	nan
root	16.0	nan
rootbeer	8.0	nan
rosa	13.0	14.0
rose	10.0	10.0
ross	9.0	nan
rotini	13.0	nan
rotisserie	8.0	nan
rough	8.0	nan
round	10.0	nan
route	10.0	11.0
routes	10.0	nan
roxas	10.0	nan
roy	7.0	nan
royale	13.0	nan
rsvp	11.0	nan
rubio	15.0	15.0
rudy	15.0	nan
rum	9.0	nan
rums	9.0	nan
run	9.0	nan
running	9.0	nan
runs	9.0	nan
rushed	13.0	nan
rushing	13.0	nan
rustic	12.0	15.0
rye	12.0	nan
sacramento	12.0	13.0
safe	9.0	nan
sage	12.0	16.0
sagua	9.0	nan
sail	8.0	9.0
sal	10.0	10.0
salad	9.0	nan
salads	11.0	nan
salami	4.0	nan
salmon	15.0	nan
saloon	10.0	nan
salsa	15.0	nan
salumi	1.0	nan
salute	5.0	nan
sam	14.0	12.0
samantha	16.0	16.0
sambal	10.0	nan
sambil	10.0	nan
sammie	8.0	nan
samplers	11.0	nan
samples	6.0	nan
san	14.0	nan
sandwich	10.0	nan
sandwiches	10.0	nan
sangria	9.0	8.0
sans	14.0	nan
santa	12.0	nan
santiago	9.0	9.0
sapporo	9.0	9.0
sarabeth	14.0	14.0
sarahbethau	14.0	nan
sarapan	8.0	nan
sasamariemcg	8.0	nan
sashimi	5.0	nan
sassy	11.0	nan
satisfied	12.0	nan
satisfy	12.0	nan
satisfying	12.0	nan
sauce	12.0	nan
sauerbraten	7.0	nan
sausage	11.0	nan
sausages	10.0	nan
sauteed	12.0	nan
sauteeing	12.0	nan
savannah	6.0	9.0
save	12.0	11.0
savings	12.0	nan
savory	13.0	nan
savoy	10.0	1.0
say	10.0	nan
sayin	7.0	nan
saying	10.0	nan
says	10.0	nan
scallops	14.0	nan
schaeffen	12.0	nan
schnipper	9.0	nan
school	11.0	10.0
science	13.0	nan
scone	11.0	nan
scones	11.0	nan
scoop	9.0	nan
score	12.0	nan
scottish	11.0	nan
scout	9.0	nan
scrapple	10.0	nan
scratch	11.0	nan
screams	8.0	nan
screening	8.0	nan
scrumptious	10.0	nan
se7en	14.0	nan
seabar	9.0	nan
seabass	6.0	nan
seafood	9.0	nan
seafoods	12.0	nan
seahawks	13.0	nan
sear	13.0	nan
searing	13.0	nan
season	11.0	nan
seasonal	11.0	nan
seasoned	11.0	nan
seasoning	14.0	nan
seats	10.0	nan
seattle	13.0	12.0
secret	14.0	nan
secrets	14.0	nan
section	9.0	nan
secure	13.0	nan
see	8.0	8.0
seed	11.0	nan
seeded	11.0	nan
seein	8.0	nan
seeing	8.0	nan
seek	16.0	nan
seeking	16.0	nan
selections	15.0	nan
self	13.0	nan
sendok	10.0	nan
sends	10.0	nan
senoia	7.0	nan
sensible	14.0	14.0
separate	9.0	nan
separating	9.0	nan
sepulveda	10.0	nan
serenity	9.0	nan
series	12.0	nan
serious	9.0	nan
servant	9.0	nan
serve	14.0	nan
served	14.0	nan
serves	14.0	nan
service	8.0	nan
services	8.0	nan
serving	14.0	nan
sesame	12.0	nan
set	10.0	nan
setting	10.0	nan
settings	10.0	nan
sexy	13.0	nan
shack	10.0	nan
shady	7.0	7.0
shake	14.0	nan
shakeology	14.0	16.0
shall	9.0	nan
shallots	12.0	nan
shape	13.0	nan
shaped	13.0	nan
share	7.0	nan
shared	7.0	nan
shares	7.0	nan
sharing	7.0	nan
sharis	9.0	nan
shavings	11.0	nan
shaw	12.0	14.0
shawarma	10.0	nan
she	6.0	nan
sheets	11.0	nan
shell	13.0	nan
shellfish	13.0	nan
shells	13.0	nan
shepherd	9.0	nan
sherman	8.0	nan
sherry	6.0	nan
shiitakes	15.0	nan
shiloh	11.0	11.0
shine	9.0	nan
shiner	1.0	1.0
shirley	6.0	nan
shitake	11.0	nan
shits	12.0	nan
shock	9.0	8.0
shoe	10.0	nan
shogun	9.0	nan
shoot	16.0	nan
shooting	16.0	nan
shopping	14.0	nan
shops	14.0	nan
shore	12.0	12.0
shortcake	10.0	nan
shot	12.0	nan
shotgun	8.0	9.0
should	13.0	nan
shoulda	13.0	nan
shoulder	5.0	nan
shouldn	13.0	nan
shout	7.0	nan
show	10.0	nan
showed	10.0	nan
showing	10.0	nan
shoyu	5.0	nan
shredded	10.0	nan
shrimp	13.0	nan
shrimps	12.0	nan
shrooms	7.0	nan
shu	7.0	nan
shula	8.0	nan
shutdown	12.0	nan
sibling	13.0	nan
siblings	13.0	nan
sichuan	7.0	nan
sicilian	11.0	nan
side	15.0	nan
sides	15.0	nan
siempre	10.0	10.0
sight	9.0	nan
signature	9.0	nan
silk	12.0	16.0
silver	14.0	16.0
silverware	13.0	nan
sima	13.0	nan
simmered	14.0	nan
simmering	14.0	nan
simmons	7.0	nan
simone	10.0	nan
simple	13.0	nan
simply	14.0	13.0
sinclair	8.0	nan
sinful	8.0	7.0
singapore	8.0	nan
single	11.0	nan
singles	11.0	nan
sipping	12.0	nan
sirloin	13.0	nan
sister	10.0	9.0
sisters	10.0	10.0
situation	8.0	nan
six	12.0	12.0
size	13.0	nan
sizes	13.0	nan
sizzler	1.0	nan
skies	11.0	nan
skillet	10.0	13.0
skim	15.0	nan
skin	16.0	nan
skinny	12.0	nan
sky	11.0	16.0
skyline	10.0	10.0
slab	10.0	nan
slave	12.0	nan
slaw	15.0	nan
sleep	8.0	9.0
sleeve	9.0	nan
slice	14.0	nan
slices	15.0	nan
sliders	11.0	nan
slight	9.0	nan
slightly	9.0	nan
slinging	7.0	nan
slivered	13.0	nan
sloppy	15.0	nan
slow	14.0	nan
slow-cooked	10.0	nan
slow-roasted	10.0	nan
slows	14.0	nan
smack	12.0	nan
smart	14.0	13.0
smarties	8.0	8.0
smash	9.0	8.0
smashed	9.0	nan
smashing	9.0	nan
smile	10.0	13.0
smiled	10.0	nan
smiling	10.0	8.0
smith	12.0	11.0
smoke	11.0	nan
smoked	11.0	nan
smokehouse	9.0	nan
smokin	9.0	12.0
smoking	11.0	nan
smoothie	13.0	nan
smothered	9.0	nan
snack	12.0	nan
snacker	10.0	nan
snackin	12.0	nan
snacking	10.0	nan
snacks	10.0	nan
snake	11.0	nan
snakedragon1007	11.0	nan
snap	9.0	nan
snapper	10.0	nan
snapping	9.0	nan
snapple	16.0	16.0
sneaks	12.0	nan
snicker	11.0	16.0
snickerdoodle	8.0	nan
snow	15.0	nan
soak	1.0	nan
soaked	1.0	nan
soaking	1.0	nan
social	9.0	8.0
society	7.0	nan
sodium	13.0	nan
sofrito	12.0	nan
soft	14.0	nan
soft-serve	13.0	nan
software	12.0	nan
sol	13.0	13.0
solar	8.0	8.0
solo	12.0	14.0
solutions	14.0	nan
some	13.0	nan
something	9.0	9.0
somewhere	7.0	nan
son	14.0	nan
sonic	14.0	14.0
sonny	9.0	9.0
sons	14.0	nan
soo	4.0	11.0
sooooo	11.0	nan
sopressata	2.0	nan
sorrento	11.0	11.0
souen	9.0	nan
soul	9.0	10.0
sound	9.0	nan
sounds	9.0	nan
soup	12.0	nan
soups	14.0	nan
sourdough	13.0	nan
sous	3.0	nan
southern	12.0	nan
soy	14.0	nan
soymilk	16.0	nan
sp2	13.0	nan
spaghetti	12.0	nan
spaghetti-os	13.0	nan
spahr	9.0	nan
spanish	14.0	nan
spatula	7.0	nan
speaks	12.0	nan
spears	16.0	nan
special	13.0	nan
specials	13.0	nan
specialty	13.0	nan
speckled	10.0	nan
specs	13.0	nan
spice	16.0	nan
spiced	12.0	nan
spicy	13.0	nan
spinach	13.0	10.0
spinning	9.0	nan
spirals	13.0	nan
spirit	7.0	nan
splash	15.0	nan
split	12.0	nan
splurge	14.0	14.0
spoiler	7.0	nan
spoon	14.0	nan
spoonful	14.0	nan
spoons	14.0	nan
spork	3.0	nan
spot	10.0	nan
spots	10.0	nan
spotted	10.0	nan
spray	7.0	nan
spreads	15.0	nan
spring	15.0	nan
springs	15.0	nan
sprinkle	10.0	nan
sprinkles	10.0	nan
sprints	15.0	nan
sprite	10.0	nan
spud	8.0	nan
spurs	7.0	nan
spy	8.0	nan
sqirl	12.0	nan
squares	15.0	nan
squash	14.0	nan
squeeze	13.0	nan
sriracha	6.0	nan
stacking	9.0	nan
staff	9.0	nan
stale	12.0	nan
stands	11.0	nan
star	13.0	nan
stare	13.0	nan
starlight	8.0	nan
stars	13.0	nan
start	14.0	nan
started	14.0	nan
starting	14.0	nan
starts	14.0	nan
starve	15.0	nan
state	12.0	13.0
staten	8.0	nan
states	12.0	nan
station	8.0	nan
status	12.0	nan
stay	12.0	nan
staying	12.0	nan
steakhouse	9.0	nan
steaks	12.0	nan
steals	12.0	nan
steamed	15.0	nan
steamer	14.0	nan
steel	14.0	nan
steel-cut	14.0	nan
step	13.0	nan
stephen	11.0	11.0
stepped	13.0	nan
stepping	13.0	nan
steps	13.0	nan
steven	14.0	14.0
steves	10.0	nan
stevia	8.0	nan
stew	13.0	nan
stewert	13.0	nan
stick	11.0	nan
sticking	11.0	nan
sticks	11.0	nan
stir-fry	15.0	nan
stock	10.0	8.0
stoked	13.0	nan
stone	13.0	nan
stop	12.0	nan
stopped	12.0	nan
stopping	12.0	nan
store	15.0	nan
storm	10.0	nan
story	7.0	nan
stouffer	13.0	13.0
stove	11.0	13.0
straight	12.0	nan
strawberries	16.0	nan
strawberry	16.0	nan
streat	16.0	nan
street	16.0	nan
strength	12.0	10.0
streusel	12.0	nan
strip	12.0	nan
strips	12.0	nan
stuffed	12.0	nan
stunning	12.0	nan
styled	12.0	nan
substitute	14.0	nan
subway	14.0	16.0
success	13.0	11.0
successful	13.0	nan
sucking	7.0	nan
sugar	9.0	nan
sugars	9.0	nan
sugary	13.0	13.0
sum	10.0	10.0
summer	15.0	nan
summit	9.0	10.0
sumo	9.0	9.0
sums	10.0	nan
sun	15.0	16.0
sundae	11.0	nan
sunday	11.0	nan
sundays	12.0	nan
sunset	11.0	nan
sunshine	13.0	13.0
super	13.0	nan
superfood	16.0	nan
supper	11.0	nan
support	15.0	nan
sur	12.0	nan
sure	15.0	nan
surf	9.0	9.0
surprise	9.0	nan
susan	13.0	nan
sushi	15.0	nan
swedish	9.0	nan
sweeps	16.0	nan
sweet	16.0	nan
sweetened	11.0	nan
sweetest	16.0	nan
swirl	12.0	nan
swiss	10.0	nan
switching	8.0	nan
syrup	11.0	nan
system	16.0	nan
tabasco	11.0	16.0
table	11.0	nan
tables	11.0	nan
tabouli	12.0	nan
tackle	13.0	nan
taco	14.0	nan
tacos	13.0	nan
tad	6.0	nan
tagine	10.0	nan
tailgating	3.0	nan
tails	10.0	nan
take	12.0	10.0
takes	12.0	nan
taking	12.0	nan
tale	11.0	nan
talk	8.0	8.0
talking	8.0	7.0
tamales	12.0	nan
tampa	7.0	7.0
tapas	8.0	7.0
tapenade	13.0	nan
tapi	13.0	nan
target	14.0	16.0
taro	14.0	nan
tart	14.0	nan
taste	14.0	nan
tasted	14.0	nan
tastes	14.0	nan
tasting	14.0	nan
tasty	12.0	13.0
tate	6.0	6.0
tater	9.0	nan
tator	8.0	nan
tatsoi	9.0	nan
tavern	9.0	nan
tay	1.0	nan
taylor	15.0	15.0
tbsp	9.0	nan
tea	12.0	nan
teams	11.0	nan
teens	10.0	nan
tei	16.0	nan
tempted	9.0	nan
tempting	9.0	nan
ten	11.0	nan
tender	15.0	nan
tener	15.0	nan
terra	13.0	14.0
texas	12.0	nan
texts	12.0	nan
texture	12.0	nan
tgi	8.0	nan
tgif	7.0	nan
tha	13.0	12.0
than	10.0	nan
thank	7.0	9.0
thanking	7.0	nan
thanks	7.0	nan
thanksgiving	7.0	nan
thats	11.0	16.0
theese	7.0	nan
therapy	10.0	nan
therefore	6.0	nan
thick	14.0	nan
thing	14.0	nan
things	14.0	nan
think	12.0	13.0
thinking	12.0	nan
thornton	8.0	8.0
thoroughly	9.0	nan
three	13.0	nan
through	9.0	nan
thru	6.0	nan
thyme	15.0	nan
tickled	13.0	nan
tijuana	12.0	15.0
tim	10.0	14.0
time	14.0	nan
tinga	4.0	nan
tip	13.0	nan
tips	13.0	nan
tix	11.0	nan
tmats	11.0	nan
toast	14.0	nan
toasted	12.0	nan
toasts	12.0	nan
toasty	11.0	nan
tobie	14.0	nan
today	14.0	16.0
todays	14.0	nan
todd	9.0	9.0
toddler	15.0	nan
tofu	13.0	9.0
together	12.0	nan
tokyo	10.0	11.0
told	13.0	nan
tom	13.0	nan
tomato	9.0	nan
tomatoes	12.0	nan
tommy	14.0	15.0
tonight	8.0	nan
tonite	10.0	nan
tons	9.0	nan
too	11.0	15.0
took	11.0	nan
tootsie	9.0	10.0
top	11.0	nan
topped	11.0	nan
topping	11.0	nan
toro	8.0	8.0
torte	8.0	nan
tortellini	8.0	nan
tortilla	14.0	nan
tortillas	13.0	nan
toscana	11.0	nan
tostada	10.0	nan
touch	13.0	nan
tour	8.0	7.0
town	10.0	10.0
toy	8.0	7.0
track	11.0	nan
trade	14.0	13.0
trader	16.0	16.0
traderjoes	16.0	nan
traditional	15.0	nan
traditions	15.0	nan
training	14.0	nan
traveling	12.0	nan
travels	12.0	nan
treasures	12.0	nan
treat	11.0	15.0
treated	11.0	nan
treating	11.0	nan
treats	11.0	15.0
tree	16.0	16.0
trek	8.0	nan
trendy	9.0	nan
tri-tip	8.0	nan
tribeca	14.0	nan
tried	12.0	nan
tries	12.0	nan
trio	14.0	14.0
trip	9.0	nan
triple	12.0	nan
trofie	10.0	nan
tropics	15.0	nan
trout	9.0	nan
truck	12.0	nan
truckin	9.0	nan
trucks	12.0	nan
truffle	9.0	nan
truffles	9.0	nan
truly	12.0	16.0
try	12.0	nan
trying	12.0	nan
tub	10.0	nan
turkey	14.0	nan
turmeric	12.0	nan
turned	9.0	nan
turning	9.0	nan
turnovers	10.0	nan
turnt	8.0	nan
turnup	16.0	nan
tuscan	13.0	nan
tvs	9.0	nan
twice	11.0	nan
twin	10.0	nan
twist	11.0	nan
twix	8.0	8.0
two	12.0	nan
tyler	12.0	12.0
type	8.0	nan
tzatziki	9.0	nan
udon	12.0	11.0
ultimate	11.0	nan
umaya	12.0	nan
unbelievably	10.0	nan
uncle	14.0	13.0
under	11.0	nan
underrated	9.0	nan
uni	5.0	1.0
unicorn	8.0	8.0
universal	12.0	nan
university	12.0	nan
unlimited	9.0	nan
unopened	7.0	nan
unwind	9.0	nan
upcoming	13.0	nan
upper	8.0	8.0
urban	13.0	14.0
urquiza	8.0	nan
use	12.0	nan
used	12.0	nan
using	12.0	nan
vader	14.0	nan
valley	14.0	nan
vanilla	15.0	nan
vault	9.0	nan
vegan	14.0	nan
vegetables	14.0	nan
vegetarian	15.0	nan
veggie	10.0	10.0
veggies	15.0	nan
velveeta	8.0	11.0
velvet	10.0	8.0
ventana	9.0	nan
verde	13.0	nan
verdes	13.0	nan
vermouth	6.0	nan
version	9.0	nan
very	16.0	nan
via	15.0	16.0
vibes	8.0	nan
vidalia	13.0	11.0
viet	1.0	1.0
vietnamese	8.0	nan
view	7.0	nan
views	7.0	nan
villa	9.0	10.0
village	13.0	14.0
villas	9.0	nan
ville	16.0	nan
vinaigrette	11.0	nan
vines	11.0	nan
vintage	4.0	nan
virgin	9.0	7.0
virginity	9.0	nan
visa	13.0	nan
vista	11.0	8.0
vita	13.0	16.0
vitamins	15.0	nan
vodka	12.0	nan
voodoo	8.0	nan
waffle	13.0	nan
waffles	13.0	nan
wake	10.0	nan
wakes	10.0	nan
waking	10.0	nan
walking	12.0	nan
walmart	16.0	16.0
walnut	10.0	nan
walnuts	10.0	nan
want	10.0	9.0
wants	10.0	nan
warehouse	6.0	nan
warm	11.0	9.0
wars	11.0	nan
washington	10.0	12.0
wasn	16.0	nan
watch	10.0	nan
watches	10.0	nan
watching	10.0	nan
watermelon	14.0	nan
waves	14.0	nan
wawa	13.0	13.0
way	11.0	nan
ways	11.0	nan
wed	13.0	nan
wedges	14.0	nan
week	14.0	nan
weekend	9.0	nan
weekends	9.0	nan
weekly	14.0	nan
weeks	14.0	nan
weight	15.0	14.0
welcome	14.0	14.0
welcoming	14.0	nan
well	15.0	nan
wells	15.0	nan
welp	15.0	nan
wendys	16.0	nan
west	8.0	nan
western	13.0	15.0
wewt	8.0	nan
whale	10.0	nan
what	16.0	nan
whats	16.0	nan
wheat	13.0	nan
wheats	12.0	nan
wheels	14.0	nan
when	13.0	14.0
whey	14.0	nan
which	9.0	9.0
whilst	11.0	nan
whip	11.0	nan
whipped	11.0	nan
white	15.0	nan
whiting	15.0	nan
who	13.0	16.0
whole	12.0	15.0
wholefoods	9.0	nan
whoo	9.0	nan
wife	16.0	nan
wifey	16.0	nan
wig	11.0	nan
wild	13.0	15.0
wildfire	10.0	10.0
williams	15.0	16.0
willing	13.0	nan
willow	8.0	8.0
wimpy	9.0	9.0
win	10.0	8.0
wing	11.0	nan
wings	10.0	nan
winner	1.0	nan
winning	10.0	nan
wins	10.0	nan
winter	16.0	nan
wisconsin	9.0	nan
wisely	14.0	nan
witch	8.0	nan
without	13.0	nan
woken	15.0	nan
wokstar	16.0	nan
wolf	14.0	13.0
woman	13.0	nan
women	15.0	nan
won	9.0	nan
wonder	15.0	16.0
wondering	15.0	nan
wong	8.0	11.0
woodland	11.0	nan
work	12.0	nan
working	12.0	nan
workout	14.0	nan
works	12.0	nan
workshop	11.0	nan
world	16.0	nan
worship	11.0	nan
wrap	13.0	nan
wrapping	13.0	nan
wraps	14.0	nan
wrk	12.0	nan
yaaay	16.0	nan
yah	11.0	nan
yall	10.0	nan
yams	16.0	nan
yard	13.0	14.0
yeaaa	15.0	nan
yeah	12.0	nan
year	10.0	nan
years	10.0	nan
yellow	12.0	nan
yes	9.0	9.0
yet	10.0	nan
yogurt	14.0	nan
yolk	13.0	nan
york	11.0	nan
yorker	8.0	nan
yoru	14.0	nan
you	14.0	nan
young	10.0	1.0
your	15.0	nan
youre	15.0	nan
yourself	9.0	nan
yuca	12.0	nan
yuengling	10.0	10.0
yum	11.0	nan
yumm	10.0	nan
yummie	11.0	nan
yummy	11.0	8.0
yummyyy	11.0	nan
yuuuum	13.0	nan
zach	12.0	13.0
zaxbys	7.0	nan
ziti	13.0	nan
